{"id":"12953320-3d7f-411e-8766-96a499410694","projectId":"d82f0506-c804-4820-8f84-a561a1935685","descriptionId":"siriusComponents://representationDescription?kind=diagramDescription&sourceKind=view&sourceId=74c5d045-51d7-359f-9634-611d0f1bef3d&sourceElementId=e1bd3b6d-357b-3068-b2e9-e0c1e19d6856","targetObjectId":"2e3562e2-351d-4b1f-978d-1d81d4d4dcc6","label":"Light Pattern Timing Constraint Definition","kind":"siriusComponents://representation?type=Diagram","representation":{"id":"12953320-3d7f-411e-8766-96a499410694","kind":"siriusComponents://representation?type=Diagram","targetObjectId":"2e3562e2-351d-4b1f-978d-1d81d4d4dcc6","descriptionId":"siriusComponents://representationDescription?kind=diagramDescription&sourceKind=view&sourceId=74c5d045-51d7-359f-9634-611d0f1bef3d&sourceElementId=e1bd3b6d-357b-3068-b2e9-e0c1e19d6856","nodes":[{"id":"238cd31c-379d-3aa6-be2e-928265c9c785","type":"node:rectangle","targetObjectId":"2e3562e2-351d-4b1f-978d-1d81d4d4dcc6","targetObjectKind":"siriusComponents://semantic?domain=sysml&entity=ConstraintDefinition","targetObjectLabel":"LightPatternTiming","descriptionId":"siriusComponents://nodeDescription?sourceKind=view&sourceId=74c5d045-51d7-359f-9634-611d0f1bef3d&sourceElementId=4055a909-560d-3db5-a777-ea29c14cc2c2","borderNode":false,"modifiers":[],"state":"Normal","collapsingState":"EXPANDED","insideLabel":{"id":"7303ab27-3d74-3dfd-a711-fd03998196ed","text":"«constraint def»\nLightPatternTiming","insideLabelLocation":"TOP_CENTER","style":{"color":"#000000","fontSize":14,"bold":false,"italic":false,"underline":false,"strikeThrough":false,"iconURL":["/icons/full/obj16/ConstraintDefinition.svg"],"background":"transparent","borderColor":"black","borderSize":0,"borderRadius":3,"borderStyle":"Solid","maxWidth":null},"isHeader":true,"headerSeparatorDisplayMode":"NEVER","overflowStrategy":"NONE","textAlign":"CENTER"},"outsideLabels":[],"style":{"background":"#ffffff","borderColor":"#000000","borderSize":1,"borderRadius":0,"borderStyle":"Solid"},"childrenLayoutStrategy":{"kind":"FreeForm"},"borderNodes":[{"id":"1899a104-8320-3806-96cc-c22b5b7b7c97","type":"node:rectangle","targetObjectId":"a350f7bc-36b4-4641-82b3-e3c4cc5ffb1e","targetObjectKind":"siriusComponents://semantic?domain=sysml&entity=PortUsage","targetObjectLabel":"light_timing_error","descriptionId":"siriusComponents://nodeDescription?sourceKind=view&sourceId=74c5d045-51d7-359f-9634-611d0f1bef3d&sourceElementId=9e813b81-da01-3300-8d02-c881f85ccadc","borderNode":true,"modifiers":[],"state":"Normal","collapsingState":"EXPANDED","insideLabel":null,"outsideLabels":[{"id":"4398e4f0-3014-3422-9d4f-e290b5fe3cd5","text":"light_timing_error","outsideLabelLocation":"BOTTOM_MIDDLE","style":{"color":"#000000","fontSize":12,"bold":false,"italic":false,"underline":false,"strikeThrough":false,"iconURL":[],"background":"transparent","borderColor":"black","borderSize":0,"borderRadius":3,"borderStyle":"Solid","maxWidth":null},"overflowStrategy":"NONE","textAlign":"LEFT"}],"style":{"background":"#ffffff","borderColor":"#000000","borderSize":1,"borderRadius":0,"borderStyle":"Solid"},"childrenLayoutStrategy":null,"borderNodes":[],"childNodes":[],"defaultWidth":10,"defaultHeight":10,"labelEditable":true,"pinned":false}],"childNodes":[{"id":"f6633fca-433b-3b8b-9d41-73e659cf4d3f","type":"node:rectangle","targetObjectId":"16c251c1-56b6-4045-b018-855ec60daba0","targetObjectKind":"siriusComponents://semantic?domain=sysml&entity=PartUsage","targetObjectLabel":"drone_hardware","descriptionId":"siriusComponents://nodeDescription?sourceKind=view&sourceId=74c5d045-51d7-359f-9634-611d0f1bef3d&sourceElementId=700133eb-7806-3dce-98d2-9ec37d212aaa","borderNode":false,"modifiers":[],"state":"Normal","collapsingState":"EXPANDED","insideLabel":{"id":"a9917157-31b2-3148-a7f8-9452250aab02","text":"«part»\ndrone_hardware : AutonomousDrone","insideLabelLocation":"TOP_CENTER","style":{"color":"#000000","fontSize":14,"bold":false,"italic":false,"underline":false,"strikeThrough":false,"iconURL":["/icons/full/obj16/PartUsage.svg"],"background":"transparent","borderColor":"black","borderSize":0,"borderRadius":3,"borderStyle":"Solid","maxWidth":null},"isHeader":true,"headerSeparatorDisplayMode":"IF_CHILDREN","overflowStrategy":"NONE","textAlign":"CENTER"},"outsideLabels":[],"style":{"background":"#ffffff","borderColor":"#000000","borderSize":1,"borderRadius":10,"borderStyle":"Solid"},"childrenLayoutStrategy":{"areChildNodesDraggable":false,"topGap":0,"bottomGap":0,"growableNodeIds":["siriusComponents://nodeDescription?sourceKind=view&sourceId=74c5d045-51d7-359f-9634-611d0f1bef3d&sourceElementId=a77b4c6c-526d-3fe4-822b-de505f743123"],"kind":"List"},"borderNodes":[{"id":"3ab677c1-b466-3e25-b676-be89c5360b29","type":"node:rectangle","targetObjectId":"c130793a-b225-43f2-b61c-3fa2a627f6f0","targetObjectKind":"siriusComponents://semantic?domain=sysml&entity=PortUsage","targetObjectLabel":"light_timing_error","descriptionId":"siriusComponents://nodeDescription?sourceKind=view&sourceId=74c5d045-51d7-359f-9634-611d0f1bef3d&sourceElementId=de70405c-a973-3bca-88a6-c6829548952d","borderNode":true,"modifiers":[],"state":"Normal","collapsingState":"EXPANDED","insideLabel":null,"outsideLabels":[{"id":"f6d33094-7faa-3c9a-bc25-49fbfd9533de","text":"light_timing_error : ScalarValues::Integer","outsideLabelLocation":"BOTTOM_MIDDLE","style":{"color":"#000000","fontSize":12,"bold":false,"italic":false,"underline":false,"strikeThrough":false,"iconURL":[],"background":"transparent","borderColor":"black","borderSize":0,"borderRadius":3,"borderStyle":"Solid","maxWidth":null},"overflowStrategy":"NONE","textAlign":"LEFT"}],"style":{"background":"#ffffff","borderColor":"#000000","borderSize":1,"borderRadius":0,"borderStyle":"Solid"},"childrenLayoutStrategy":null,"borderNodes":[],"childNodes":[],"defaultWidth":10,"defaultHeight":10,"labelEditable":true,"pinned":false},{"id":"915c9b73-5ad0-3cae-8a05-c48e5c4bb0a1","type":"node:rectangle","targetObjectId":"9e3792ef-0c17-43cc-81d0-5b2b5fc43547","targetObjectKind":"siriusComponents://semantic?domain=sysml&entity=PortUsage","targetObjectLabel":"planned_timing","descriptionId":"siriusComponents://nodeDescription?sourceKind=view&sourceId=74c5d045-51d7-359f-9634-611d0f1bef3d&sourceElementId=de70405c-a973-3bca-88a6-c6829548952d","borderNode":true,"modifiers":[],"state":"Normal","collapsingState":"EXPANDED","insideLabel":null,"outsideLabels":[{"id":"3bdbf61d-365d-39a4-8eaa-f6cb5456bd7e","text":"planned_timing : ScalarValues::Integer","outsideLabelLocation":"BOTTOM_MIDDLE","style":{"color":"#000000","fontSize":12,"bold":false,"italic":false,"underline":false,"strikeThrough":false,"iconURL":[],"background":"transparent","borderColor":"black","borderSize":0,"borderRadius":3,"borderStyle":"Solid","maxWidth":null},"overflowStrategy":"NONE","textAlign":"LEFT"}],"style":{"background":"#ffffff","borderColor":"#000000","borderSize":1,"borderRadius":0,"borderStyle":"Solid"},"childrenLayoutStrategy":null,"borderNodes":[],"childNodes":[],"defaultWidth":10,"defaultHeight":10,"labelEditable":true,"pinned":false},{"id":"0c5328a2-3b7a-34c1-b42d-ce83a7cd8478","type":"node:rectangle","targetObjectId":"45900f70-c36e-476d-ada9-e0b30c5f6fa0","targetObjectKind":"siriusComponents://semantic?domain=sysml&entity=PortUsage","targetObjectLabel":"actual_timing","descriptionId":"siriusComponents://nodeDescription?sourceKind=view&sourceId=74c5d045-51d7-359f-9634-611d0f1bef3d&sourceElementId=de70405c-a973-3bca-88a6-c6829548952d","borderNode":true,"modifiers":[],"state":"Normal","collapsingState":"EXPANDED","insideLabel":null,"outsideLabels":[{"id":"d77a187a-8dcb-39e6-a3b4-2cef45189cee","text":"actual_timing : ScalarValues::Integer","outsideLabelLocation":"BOTTOM_MIDDLE","style":{"color":"#000000","fontSize":12,"bold":false,"italic":false,"underline":false,"strikeThrough":false,"iconURL":[],"background":"transparent","borderColor":"black","borderSize":0,"borderRadius":3,"borderStyle":"Solid","maxWidth":null},"overflowStrategy":"NONE","textAlign":"LEFT"}],"style":{"background":"#ffffff","borderColor":"#000000","borderSize":1,"borderRadius":0,"borderStyle":"Solid"},"childrenLayoutStrategy":null,"borderNodes":[],"childNodes":[],"defaultWidth":10,"defaultHeight":10,"labelEditable":true,"pinned":false}],"childNodes":[{"id":"54b3e116-4820-3762-aca3-32d655b1ed78","type":"node:rectangle","targetObjectId":"16c251c1-56b6-4045-b018-855ec60daba0","targetObjectKind":"siriusComponents://semantic?domain=sysml&entity=PartUsage","targetObjectLabel":"drone_hardware","descriptionId":"siriusComponents://nodeDescription?sourceKind=view&sourceId=74c5d045-51d7-359f-9634-611d0f1bef3d&sourceElementId=9f871f18-dbda-3798-8e28-094acfae6a2d","borderNode":false,"modifiers":["Hidden"],"state":"Hidden","collapsingState":"EXPANDED","insideLabel":{"id":"6be4f432-3bbc-3149-85de-362c7fe1a886","text":"doc","insideLabelLocation":"TOP_CENTER","style":{"color":"#000000","fontSize":12,"bold":false,"italic":true,"underline":false,"strikeThrough":false,"iconURL":[],"background":"transparent","borderColor":"black","borderSize":0,"borderRadius":3,"borderStyle":"Solid","maxWidth":null},"isHeader":true,"headerSeparatorDisplayMode":"NEVER","overflowStrategy":"NONE","textAlign":"CENTER"},"outsideLabels":[],"style":{"background":"transparent","borderColor":"#000000","borderSize":1,"borderRadius":0,"borderStyle":"Solid"},"childrenLayoutStrategy":{"areChildNodesDraggable":true,"topGap":0,"bottomGap":10,"growableNodeIds":[],"kind":"List"},"borderNodes":[],"childNodes":[],"defaultWidth":125,"defaultHeight":60,"labelEditable":false,"pinned":false},{"id":"1eb588ff-232f-3581-9236-c85f4ac772bc","type":"node:rectangle","targetObjectId":"16c251c1-56b6-4045-b018-855ec60daba0","targetObjectKind":"siriusComponents://semantic?domain=sysml&entity=PartUsage","targetObjectLabel":"drone_hardware","descriptionId":"siriusComponents://nodeDescription?sourceKind=view&sourceId=74c5d045-51d7-359f-9634-611d0f1bef3d&sourceElementId=85d2283f-c727-34f0-ba1b-695e544d15a7","borderNode":false,"modifiers":["Hidden"],"state":"Hidden","collapsingState":"EXPANDED","insideLabel":{"id":"18bfff36-e155-3bb2-a399-722c9103e16b","text":"attributes","insideLabelLocation":"TOP_CENTER","style":{"color":"#000000","fontSize":12,"bold":false,"italic":true,"underline":false,"strikeThrough":false,"iconURL":[],"background":"transparent","borderColor":"black","borderSize":0,"borderRadius":3,"borderStyle":"Solid","maxWidth":null},"isHeader":true,"headerSeparatorDisplayMode":"NEVER","overflowStrategy":"NONE","textAlign":"CENTER"},"outsideLabels":[],"style":{"background":"transparent","borderColor":"#000000","borderSize":1,"borderRadius":0,"borderStyle":"Solid"},"childrenLayoutStrategy":{"areChildNodesDraggable":true,"topGap":0,"bottomGap":10,"growableNodeIds":[],"kind":"List"},"borderNodes":[],"childNodes":[{"id":"22250660-a886-32cb-8145-4a856ad78c4a","type":"node:icon-label","targetObjectId":"41ef0617-ed9a-4b70-ae9c-b75750cdcb34","targetObjectKind":"siriusComponents://semantic?domain=sysml&entity=AttributeUsage","targetObjectLabel":"material","descriptionId":"siriusComponents://nodeDescription?sourceKind=view&sourceId=74c5d045-51d7-359f-9634-611d0f1bef3d&sourceElementId=476c2177-8dca-3dfc-a55d-d5ab09e6eaf2","borderNode":false,"modifiers":[],"state":"Hidden","collapsingState":"EXPANDED","insideLabel":{"id":"9eb914b9-b625-327a-ae03-db189a02f7b0","text":"^material","insideLabelLocation":"TOP_LEFT","style":{"color":"#000000","fontSize":14,"bold":false,"italic":true,"underline":false,"strikeThrough":false,"iconURL":["/icons/full/obj16/AttributeUsage.svg"],"background":"transparent","borderColor":"black","borderSize":0,"borderRadius":3,"borderStyle":"Solid","maxWidth":null},"isHeader":false,"headerSeparatorDisplayMode":"NEVER","overflowStrategy":"WRAP","textAlign":"LEFT"},"outsideLabels":[],"style":{"background":"transparent"},"childrenLayoutStrategy":null,"borderNodes":[],"childNodes":[],"defaultWidth":125,"defaultHeight":15,"labelEditable":false,"pinned":false},{"id":"102d1a51-b608-399c-9e04-6d5c2be0a2a2","type":"node:icon-label","targetObjectId":"64746476-4c3b-4762-98e8-43a4cb9e5f80","targetObjectKind":"siriusComponents://semantic?domain=sysml&entity=AttributeUsage","targetObjectLabel":"speed","descriptionId":"siriusComponents://nodeDescription?sourceKind=view&sourceId=74c5d045-51d7-359f-9634-611d0f1bef3d&sourceElementId=476c2177-8dca-3dfc-a55d-d5ab09e6eaf2","borderNode":false,"modifiers":[],"state":"Hidden","collapsingState":"EXPANDED","insideLabel":{"id":"36f3b081-a39b-3688-9623-cc8071f909cd","text":"^speed : ScalarValues::ScalarValue","insideLabelLocation":"TOP_LEFT","style":{"color":"#000000","fontSize":14,"bold":false,"italic":true,"underline":false,"strikeThrough":false,"iconURL":["/icons/full/obj16/AttributeUsage.svg"],"background":"transparent","borderColor":"black","borderSize":0,"borderRadius":3,"borderStyle":"Solid","maxWidth":null},"isHeader":false,"headerSeparatorDisplayMode":"NEVER","overflowStrategy":"WRAP","textAlign":"LEFT"},"outsideLabels":[],"style":{"background":"transparent"},"childrenLayoutStrategy":null,"borderNodes":[],"childNodes":[],"defaultWidth":125,"defaultHeight":15,"labelEditable":false,"pinned":false},{"id":"dea5cd75-8cd4-3c97-a627-716aa35cc10b","type":"node:icon-label","targetObjectId":"410d6469-e869-4dec-8d8b-39533a196742","targetObjectKind":"siriusComponents://semantic?domain=sysml&entity=AttributeUsage","targetObjectLabel":"mass","descriptionId":"siriusComponents://nodeDescription?sourceKind=view&sourceId=74c5d045-51d7-359f-9634-611d0f1bef3d&sourceElementId=476c2177-8dca-3dfc-a55d-d5ab09e6eaf2","borderNode":false,"modifiers":[],"state":"Hidden","collapsingState":"EXPANDED","insideLabel":{"id":"2e27a7fb-ad83-3cd2-849a-4c081b9ad691","text":"^mass : ISQBase::MassValue","insideLabelLocation":"TOP_LEFT","style":{"color":"#000000","fontSize":14,"bold":false,"italic":true,"underline":false,"strikeThrough":false,"iconURL":["/icons/full/obj16/AttributeUsage.svg"],"background":"transparent","borderColor":"black","borderSize":0,"borderRadius":3,"borderStyle":"Solid","maxWidth":null},"isHeader":false,"headerSeparatorDisplayMode":"NEVER","overflowStrategy":"WRAP","textAlign":"LEFT"},"outsideLabels":[],"style":{"background":"transparent"},"childrenLayoutStrategy":null,"borderNodes":[],"childNodes":[],"defaultWidth":125,"defaultHeight":15,"labelEditable":false,"pinned":false}],"defaultWidth":125,"defaultHeight":60,"labelEditable":false,"pinned":false},{"id":"5e116dd6-0818-36f7-9459-2219d90ce4b9","type":"node:rectangle","targetObjectId":"16c251c1-56b6-4045-b018-855ec60daba0","targetObjectKind":"siriusComponents://semantic?domain=sysml&entity=PartUsage","targetObjectLabel":"drone_hardware","descriptionId":"siriusComponents://nodeDescription?sourceKind=view&sourceId=74c5d045-51d7-359f-9634-611d0f1bef3d&sourceElementId=a77b4c6c-526d-3fe4-822b-de505f743123","borderNode":false,"modifiers":["Hidden"],"state":"Hidden","collapsingState":"EXPANDED","insideLabel":{"id":"7340de71-dc71-376e-a236-244a65dfbea9","text":"parts","insideLabelLocation":"TOP_CENTER","style":{"color":"#000000","fontSize":12,"bold":false,"italic":true,"underline":false,"strikeThrough":false,"iconURL":[],"background":"transparent","borderColor":"black","borderSize":0,"borderRadius":3,"borderStyle":"Solid","maxWidth":null},"isHeader":true,"headerSeparatorDisplayMode":"NEVER","overflowStrategy":"NONE","textAlign":"CENTER"},"outsideLabels":[],"style":{"background":"transparent","borderColor":"#000000","borderSize":1,"borderRadius":0,"borderStyle":"Solid"},"childrenLayoutStrategy":{"kind":"FreeForm"},"borderNodes":[],"childNodes":[],"defaultWidth":125,"defaultHeight":150,"labelEditable":false,"pinned":false}],"defaultWidth":150,"defaultHeight":60,"labelEditable":true,"pinned":false},{"id":"165fdf51-a41f-3ddb-a493-67da830b1685","type":"node:rectangle","targetObjectId":"b9214234-556a-49bc-8f08-6badfc4c33b0","targetObjectKind":"siriusComponents://semantic?domain=sysml&entity=PartUsage","targetObjectLabel":"cal_for_light_timing_error","descriptionId":"siriusComponents://nodeDescription?sourceKind=view&sourceId=74c5d045-51d7-359f-9634-611d0f1bef3d&sourceElementId=700133eb-7806-3dce-98d2-9ec37d212aaa","borderNode":false,"modifiers":[],"state":"Normal","collapsingState":"EXPANDED","insideLabel":{"id":"0c472123-0c91-38c6-9717-ccd6546662ef","text":"«part»\ncal_for_light_timing_error : ComputeLightTimingError","insideLabelLocation":"TOP_CENTER","style":{"color":"#000000","fontSize":14,"bold":false,"italic":false,"underline":false,"strikeThrough":false,"iconURL":["/icons/full/obj16/PartUsage.svg"],"background":"transparent","borderColor":"black","borderSize":0,"borderRadius":3,"borderStyle":"Solid","maxWidth":null},"isHeader":true,"headerSeparatorDisplayMode":"IF_CHILDREN","overflowStrategy":"NONE","textAlign":"CENTER"},"outsideLabels":[],"style":{"background":"#ffffff","borderColor":"#000000","borderSize":1,"borderRadius":10,"borderStyle":"Solid"},"childrenLayoutStrategy":{"areChildNodesDraggable":false,"topGap":0,"bottomGap":0,"growableNodeIds":["siriusComponents://nodeDescription?sourceKind=view&sourceId=74c5d045-51d7-359f-9634-611d0f1bef3d&sourceElementId=a77b4c6c-526d-3fe4-822b-de505f743123"],"kind":"List"},"borderNodes":[{"id":"f3b8c186-7371-3568-b021-307303aa6158","type":"node:rectangle","targetObjectId":"9281a266-8367-4e04-a9f1-589f95f524ec","targetObjectKind":"siriusComponents://semantic?domain=sysml&entity=PortUsage","targetObjectLabel":"light_timing_error","descriptionId":"siriusComponents://nodeDescription?sourceKind=view&sourceId=74c5d045-51d7-359f-9634-611d0f1bef3d&sourceElementId=de70405c-a973-3bca-88a6-c6829548952d","borderNode":true,"modifiers":[],"state":"Normal","collapsingState":"EXPANDED","insideLabel":null,"outsideLabels":[{"id":"466b112d-3808-39e8-a3f3-1b929bfc4356","text":"light_timing_error","outsideLabelLocation":"BOTTOM_MIDDLE","style":{"color":"#000000","fontSize":12,"bold":false,"italic":false,"underline":false,"strikeThrough":false,"iconURL":[],"background":"transparent","borderColor":"black","borderSize":0,"borderRadius":3,"borderStyle":"Solid","maxWidth":null},"overflowStrategy":"NONE","textAlign":"LEFT"}],"style":{"background":"#ffffff","borderColor":"#000000","borderSize":1,"borderRadius":0,"borderStyle":"Solid"},"childrenLayoutStrategy":null,"borderNodes":[],"childNodes":[],"defaultWidth":10,"defaultHeight":10,"labelEditable":true,"pinned":false},{"id":"807c9dd7-3953-3ddb-a6df-dfd383c41a9a","type":"node:rectangle","targetObjectId":"fbd18b83-b077-42b4-9702-88138d2aeac9","targetObjectKind":"siriusComponents://semantic?domain=sysml&entity=PortUsage","targetObjectLabel":"p_t","descriptionId":"siriusComponents://nodeDescription?sourceKind=view&sourceId=74c5d045-51d7-359f-9634-611d0f1bef3d&sourceElementId=de70405c-a973-3bca-88a6-c6829548952d","borderNode":true,"modifiers":[],"state":"Normal","collapsingState":"EXPANDED","insideLabel":null,"outsideLabels":[{"id":"fb715f20-d64a-3a25-8b0e-6fd8d3eeafc2","text":"p_t","outsideLabelLocation":"BOTTOM_MIDDLE","style":{"color":"#000000","fontSize":12,"bold":false,"italic":false,"underline":false,"strikeThrough":false,"iconURL":[],"background":"transparent","borderColor":"black","borderSize":0,"borderRadius":3,"borderStyle":"Solid","maxWidth":null},"overflowStrategy":"NONE","textAlign":"LEFT"}],"style":{"background":"#ffffff","borderColor":"#000000","borderSize":1,"borderRadius":0,"borderStyle":"Solid"},"childrenLayoutStrategy":null,"borderNodes":[],"childNodes":[],"defaultWidth":10,"defaultHeight":10,"labelEditable":true,"pinned":false},{"id":"ffd5ef50-84c5-3c9f-b85a-73d7a29ed9cf","type":"node:rectangle","targetObjectId":"fb2f68ec-c1a7-4d5c-a730-02f6b364c497","targetObjectKind":"siriusComponents://semantic?domain=sysml&entity=PortUsage","targetObjectLabel":"a_t","descriptionId":"siriusComponents://nodeDescription?sourceKind=view&sourceId=74c5d045-51d7-359f-9634-611d0f1bef3d&sourceElementId=de70405c-a973-3bca-88a6-c6829548952d","borderNode":true,"modifiers":[],"state":"Normal","collapsingState":"EXPANDED","insideLabel":null,"outsideLabels":[{"id":"a4e2abd9-d459-34ee-b36b-150bb9416f14","text":"a_t","outsideLabelLocation":"BOTTOM_MIDDLE","style":{"color":"#000000","fontSize":12,"bold":false,"italic":false,"underline":false,"strikeThrough":false,"iconURL":[],"background":"transparent","borderColor":"black","borderSize":0,"borderRadius":3,"borderStyle":"Solid","maxWidth":null},"overflowStrategy":"NONE","textAlign":"LEFT"}],"style":{"background":"#ffffff","borderColor":"#000000","borderSize":1,"borderRadius":0,"borderStyle":"Solid"},"childrenLayoutStrategy":null,"borderNodes":[],"childNodes":[],"defaultWidth":10,"defaultHeight":10,"labelEditable":true,"pinned":false}],"childNodes":[{"id":"2de588ff-ec6c-3e7a-a046-b2c2a2caf8ed","type":"node:rectangle","targetObjectId":"b9214234-556a-49bc-8f08-6badfc4c33b0","targetObjectKind":"siriusComponents://semantic?domain=sysml&entity=PartUsage","targetObjectLabel":"cal_for_light_timing_error","descriptionId":"siriusComponents://nodeDescription?sourceKind=view&sourceId=74c5d045-51d7-359f-9634-611d0f1bef3d&sourceElementId=9f871f18-dbda-3798-8e28-094acfae6a2d","borderNode":false,"modifiers":["Hidden"],"state":"Hidden","collapsingState":"EXPANDED","insideLabel":{"id":"3cbbd5b6-ae8f-3e6e-a76e-fce2f06edc59","text":"doc","insideLabelLocation":"TOP_CENTER","style":{"color":"#000000","fontSize":12,"bold":false,"italic":true,"underline":false,"strikeThrough":false,"iconURL":[],"background":"transparent","borderColor":"black","borderSize":0,"borderRadius":3,"borderStyle":"Solid","maxWidth":null},"isHeader":true,"headerSeparatorDisplayMode":"NEVER","overflowStrategy":"NONE","textAlign":"CENTER"},"outsideLabels":[],"style":{"background":"transparent","borderColor":"#000000","borderSize":1,"borderRadius":0,"borderStyle":"Solid"},"childrenLayoutStrategy":{"areChildNodesDraggable":true,"topGap":0,"bottomGap":10,"growableNodeIds":[],"kind":"List"},"borderNodes":[],"childNodes":[],"defaultWidth":125,"defaultHeight":60,"labelEditable":false,"pinned":false},{"id":"2fda6ae1-33d7-3c15-a8d6-da1313ef1e72","type":"node:rectangle","targetObjectId":"b9214234-556a-49bc-8f08-6badfc4c33b0","targetObjectKind":"siriusComponents://semantic?domain=sysml&entity=PartUsage","targetObjectLabel":"cal_for_light_timing_error","descriptionId":"siriusComponents://nodeDescription?sourceKind=view&sourceId=74c5d045-51d7-359f-9634-611d0f1bef3d&sourceElementId=85d2283f-c727-34f0-ba1b-695e544d15a7","borderNode":false,"modifiers":["Hidden"],"state":"Hidden","collapsingState":"EXPANDED","insideLabel":{"id":"9cebab31-ef13-310f-aa43-dcd7e40af79c","text":"attributes","insideLabelLocation":"TOP_CENTER","style":{"color":"#000000","fontSize":12,"bold":false,"italic":true,"underline":false,"strikeThrough":false,"iconURL":[],"background":"transparent","borderColor":"black","borderSize":0,"borderRadius":3,"borderStyle":"Solid","maxWidth":null},"isHeader":true,"headerSeparatorDisplayMode":"NEVER","overflowStrategy":"NONE","textAlign":"CENTER"},"outsideLabels":[],"style":{"background":"transparent","borderColor":"#000000","borderSize":1,"borderRadius":0,"borderStyle":"Solid"},"childrenLayoutStrategy":{"areChildNodesDraggable":true,"topGap":0,"bottomGap":10,"growableNodeIds":[],"kind":"List"},"borderNodes":[],"childNodes":[],"defaultWidth":125,"defaultHeight":60,"labelEditable":false,"pinned":false},{"id":"09928b2f-fe54-3344-bec7-a72b58d13bdb","type":"node:rectangle","targetObjectId":"b9214234-556a-49bc-8f08-6badfc4c33b0","targetObjectKind":"siriusComponents://semantic?domain=sysml&entity=PartUsage","targetObjectLabel":"cal_for_light_timing_error","descriptionId":"siriusComponents://nodeDescription?sourceKind=view&sourceId=74c5d045-51d7-359f-9634-611d0f1bef3d&sourceElementId=a77b4c6c-526d-3fe4-822b-de505f743123","borderNode":false,"modifiers":["Hidden"],"state":"Hidden","collapsingState":"EXPANDED","insideLabel":{"id":"b706fe7f-dffc-36ff-bbde-3447962874f6","text":"parts","insideLabelLocation":"TOP_CENTER","style":{"color":"#000000","fontSize":12,"bold":false,"italic":true,"underline":false,"strikeThrough":false,"iconURL":[],"background":"transparent","borderColor":"black","borderSize":0,"borderRadius":3,"borderStyle":"Solid","maxWidth":null},"isHeader":true,"headerSeparatorDisplayMode":"NEVER","overflowStrategy":"NONE","textAlign":"CENTER"},"outsideLabels":[],"style":{"background":"transparent","borderColor":"#000000","borderSize":1,"borderRadius":0,"borderStyle":"Solid"},"childrenLayoutStrategy":{"kind":"FreeForm"},"borderNodes":[],"childNodes":[],"defaultWidth":125,"defaultHeight":150,"labelEditable":false,"pinned":false}],"defaultWidth":150,"defaultHeight":60,"labelEditable":true,"pinned":false}],"defaultWidth":700,"defaultHeight":400,"labelEditable":true,"pinned":false}],"edges":[{"id":"cd8f3a9d-67ad-3a7d-99e0-fdcf99dac1b8","type":"edge:straight","targetObjectId":"875f19c5-95c3-4555-a94e-80229be97042","targetObjectKind":"siriusComponents://semantic?domain=sysml&entity=BindingConnectorAsUsage","targetObjectLabel":"","descriptionId":"siriusComponents://edgeDescription?sourceKind=view&sourceId=74c5d045-51d7-359f-9634-611d0f1bef3d&sourceElementId=3d1c5a31-5567-3e8a-8cd5-011bc74140f3","beginLabel":null,"centerLabel":{"id":"bb0ef332-575d-38a6-8c1d-06689e34e936","type":"label:edge-center","text":"=","style":{"color":"#000000","fontSize":14,"bold":false,"italic":false,"underline":false,"strikeThrough":false,"iconURL":[],"background":"transparent","borderColor":"black","borderSize":0,"borderRadius":3,"borderStyle":"Solid","maxWidth":null}},"endLabel":null,"sourceId":"ffd5ef50-84c5-3c9f-b85a-73d7a29ed9cf","targetId":"0c5328a2-3b7a-34c1-b42d-ce83a7cd8478","modifiers":[],"state":"Normal","style":{"size":1,"lineStyle":"Solid","sourceArrow":"None","targetArrow":"None","color":"#000000"},"centerLabelEditable":false},{"id":"797967c1-526b-3598-9a74-93d83a7edcae","type":"edge:straight","targetObjectId":"ae5846b0-0318-4a81-95dd-0825a7383730","targetObjectKind":"siriusComponents://semantic?domain=sysml&entity=BindingConnectorAsUsage","targetObjectLabel":"","descriptionId":"siriusComponents://edgeDescription?sourceKind=view&sourceId=74c5d045-51d7-359f-9634-611d0f1bef3d&sourceElementId=3d1c5a31-5567-3e8a-8cd5-011bc74140f3","beginLabel":null,"centerLabel":{"id":"0bc77951-2359-35c6-9acd-6e0033a7242b","type":"label:edge-center","text":"=","style":{"color":"#000000","fontSize":14,"bold":false,"italic":false,"underline":false,"strikeThrough":false,"iconURL":[],"background":"transparent","borderColor":"black","borderSize":0,"borderRadius":3,"borderStyle":"Solid","maxWidth":null}},"endLabel":null,"sourceId":"807c9dd7-3953-3ddb-a6df-dfd383c41a9a","targetId":"915c9b73-5ad0-3cae-8a05-c48e5c4bb0a1","modifiers":[],"state":"Normal","style":{"size":1,"lineStyle":"Solid","sourceArrow":"None","targetArrow":"None","color":"#000000"},"centerLabelEditable":false},{"id":"26b92b8e-daed-3476-90ac-e9e5ccc5717e","type":"edge:straight","targetObjectId":"0bf6a958-f2f5-4d41-83c1-6857adb76f5a","targetObjectKind":"siriusComponents://semantic?domain=sysml&entity=BindingConnectorAsUsage","targetObjectLabel":"","descriptionId":"siriusComponents://edgeDescription?sourceKind=view&sourceId=74c5d045-51d7-359f-9634-611d0f1bef3d&sourceElementId=3d1c5a31-5567-3e8a-8cd5-011bc74140f3","beginLabel":null,"centerLabel":{"id":"a67d7a91-3001-33d8-bf8c-7d49359fa21e","type":"label:edge-center","text":"=","style":{"color":"#000000","fontSize":14,"bold":false,"italic":false,"underline":false,"strikeThrough":false,"iconURL":[],"background":"transparent","borderColor":"black","borderSize":0,"borderRadius":3,"borderStyle":"Solid","maxWidth":null}},"endLabel":null,"sourceId":"f3b8c186-7371-3568-b021-307303aa6158","targetId":"3ab677c1-b466-3e25-b676-be89c5360b29","modifiers":[],"state":"Normal","style":{"size":1,"lineStyle":"Solid","sourceArrow":"None","targetArrow":"None","color":"#000000"},"centerLabelEditable":false},{"id":"09b36118-8f81-3894-a7f3-662133c1fc57","type":"edge:straight","targetObjectId":"cff8d67a-d1d0-4605-a05f-d60549037f56","targetObjectKind":"siriusComponents://semantic?domain=sysml&entity=BindingConnectorAsUsage","targetObjectLabel":"","descriptionId":"siriusComponents://edgeDescription?sourceKind=view&sourceId=74c5d045-51d7-359f-9634-611d0f1bef3d&sourceElementId=3d1c5a31-5567-3e8a-8cd5-011bc74140f3","beginLabel":null,"centerLabel":{"id":"f53cd8e2-051d-372f-9417-1c3c7918fa96","type":"label:edge-center","text":"=","style":{"color":"#000000","fontSize":14,"bold":false,"italic":false,"underline":false,"strikeThrough":false,"iconURL":[],"background":"transparent","borderColor":"black","borderSize":0,"borderRadius":3,"borderStyle":"Solid","maxWidth":null}},"endLabel":null,"sourceId":"1899a104-8320-3806-96cc-c22b5b7b7c97","targetId":"3ab677c1-b466-3e25-b676-be89c5360b29","modifiers":[],"state":"Normal","style":{"size":1,"lineStyle":"Solid","sourceArrow":"None","targetArrow":"None","color":"#000000"},"centerLabelEditable":false}],"layoutData":{"nodeLayoutData":{"1899a104-8320-3806-96cc-c22b5b7b7c97":{"id":"1899a104-8320-3806-96cc-c22b5b7b7c97","position":{"x":76.5051136719174,"y":-11.0},"size":{"width":16.0,"height":16.0},"resizedByUser":false},"238cd31c-379d-3aa6-be2e-928265c9c785":{"id":"238cd31c-379d-3aa6-be2e-928265c9c785","position":{"x":63.743276865474854,"y":23.18961017734665},"size":{"width":1003.0,"height":480.0},"resizedByUser":true},"5e116dd6-0818-36f7-9459-2219d90ce4b9":{"id":"5e116dd6-0818-36f7-9459-2219d90ce4b9","position":{"x":0.0,"y":0.0},"size":{"width":286.0,"height":150.0},"resizedByUser":false},"915c9b73-5ad0-3cae-8a05-c48e5c4bb0a1":{"id":"915c9b73-5ad0-3cae-8a05-c48e5c4bb0a1","position":{"x":309.00000350585935,"y":134.0},"size":{"width":16.0,"height":16.0},"resizedByUser":false},"165fdf51-a41f-3ddb-a493-67da830b1685":{"id":"165fdf51-a41f-3ddb-a493-67da830b1685","position":{"x":562.9893777300528,"y":98.85882352941175},"size":{"width":397.921875,"height":265.0},"resizedByUser":true},"807c9dd7-3953-3ddb-a6df-dfd383c41a9a":{"id":"807c9dd7-3953-3ddb-a6df-dfd383c41a9a","position":{"x":-11.0,"y":133.99999999999997},"size":{"width":16.0,"height":16.0},"resizedByUser":false},"1eb588ff-232f-3581-9236-c85f4ac772bc":{"id":"1eb588ff-232f-3581-9236-c85f4ac772bc","position":{"x":0.0,"y":0.0},"size":{"width":286.0,"height":60.0},"resizedByUser":false},"09928b2f-fe54-3344-bec7-a72b58d13bdb":{"id":"09928b2f-fe54-3344-bec7-a72b58d13bdb","position":{"x":0.0,"y":0.0},"size":{"width":395.0,"height":150.0},"resizedByUser":false},"22250660-a886-32cb-8145-4a856ad78c4a":{"id":"22250660-a886-32cb-8145-4a856ad78c4a","position":{"x":0.0,"y":0.0},"size":{"width":286.0,"height":15.0},"resizedByUser":false},"2fda6ae1-33d7-3c15-a8d6-da1313ef1e72":{"id":"2fda6ae1-33d7-3c15-a8d6-da1313ef1e72","position":{"x":0.0,"y":0.0},"size":{"width":395.0,"height":60.0},"resizedByUser":false},"3ab677c1-b466-3e25-b676-be89c5360b29":{"id":"3ab677c1-b466-3e25-b676-be89c5360b29","position":{"x":309.00000350585935,"y":44.0},"size":{"width":16.0,"height":16.0},"resizedByUser":false},"ffd5ef50-84c5-3c9f-b85a-73d7a29ed9cf":{"id":"ffd5ef50-84c5-3c9f-b85a-73d7a29ed9cf","position":{"x":-11.0,"y":190.99832595363918},"size":{"width":16.0,"height":16.0},"resizedByUser":false},"f6633fca-433b-3b8b-9d41-73e659cf4d3f":{"id":"f6633fca-433b-3b8b-9d41-73e659cf4d3f","position":{"x":26.83529411764698,"y":98.85882352941175},"size":{"width":314.00000350585935,"height":272.0},"resizedByUser":true},"2de588ff-ec6c-3e7a-a046-b2c2a2caf8ed":{"id":"2de588ff-ec6c-3e7a-a046-b2c2a2caf8ed","position":{"x":0.0,"y":0.0},"size":{"width":395.0,"height":60.0},"resizedByUser":false},"102d1a51-b608-399c-9e04-6d5c2be0a2a2":{"id":"102d1a51-b608-399c-9e04-6d5c2be0a2a2","position":{"x":0.0,"y":0.0},"size":{"width":286.0,"height":15.0},"resizedByUser":false},"0c5328a2-3b7a-34c1-b42d-ce83a7cd8478":{"id":"0c5328a2-3b7a-34c1-b42d-ce83a7cd8478","position":{"x":309.00000350585935,"y":190.99832595363918},"size":{"width":16.0,"height":16.0},"resizedByUser":false},"f3b8c186-7371-3568-b021-307303aa6158":{"id":"f3b8c186-7371-3568-b021-307303aa6158","position":{"x":-11.0,"y":44.0},"size":{"width":16.0,"height":16.0},"resizedByUser":false},"dea5cd75-8cd4-3c97-a627-716aa35cc10b":{"id":"dea5cd75-8cd4-3c97-a627-716aa35cc10b","position":{"x":0.0,"y":0.0},"size":{"width":286.0,"height":15.0},"resizedByUser":false},"54b3e116-4820-3762-aca3-32d655b1ed78":{"id":"54b3e116-4820-3762-aca3-32d655b1ed78","position":{"x":0.0,"y":0.0},"size":{"width":286.0,"height":60.0},"resizedByUser":false}},"edgeLayoutData":{},"labelLayoutData":{}}}}