{"id":"1473106d-6113-4f0d-a4c0-4638d8c27b4e","projectId":"d82f0506-c804-4820-8f84-a561a1935685","descriptionId":"siriusComponents://representationDescription?kind=diagramDescription&sourceKind=view&sourceId=74c5d045-51d7-359f-9634-611d0f1bef3d&sourceElementId=e1bd3b6d-357b-3068-b2e9-e0c1e19d6856","targetObjectId":"e7578943-2b9d-472e-98e4-c60244416351","label":"AutonomousDroneInterconnection View","kind":"siriusComponents://representation?type=Diagram","representation":{"id":"1473106d-6113-4f0d-a4c0-4638d8c27b4e","kind":"siriusComponents://representation?type=Diagram","targetObjectId":"e7578943-2b9d-472e-98e4-c60244416351","descriptionId":"siriusComponents://representationDescription?kind=diagramDescription&sourceKind=view&sourceId=74c5d045-51d7-359f-9634-611d0f1bef3d&sourceElementId=e1bd3b6d-357b-3068-b2e9-e0c1e19d6856","nodes":[{"id":"c4d65e80-691b-3d34-8e2d-a2cae117b0ed","type":"node:rectangle","targetObjectId":"e7578943-2b9d-472e-98e4-c60244416351","targetObjectKind":"siriusComponents://semantic?domain=sysml&entity=PartDefinition","targetObjectLabel":"AutonomousDrone","descriptionId":"siriusComponents://nodeDescription?sourceKind=view&sourceId=74c5d045-51d7-359f-9634-611d0f1bef3d&sourceElementId=4055a909-560d-3db5-a777-ea29c14cc2c2","borderNode":false,"modifiers":[],"state":"Normal","collapsingState":"EXPANDED","insideLabel":{"id":"6cf8c3cc-416c-3409-88c5-e0f7f5abe705","text":"«part def»\nAutonomousDrone","insideLabelLocation":"TOP_CENTER","style":{"color":"#000000","fontSize":14,"bold":false,"italic":false,"underline":false,"strikeThrough":false,"iconURL":["/icons/full/obj16/PartDefinition.svg"],"background":"transparent","borderColor":"black","borderSize":0,"borderRadius":3,"borderStyle":"Solid","maxWidth":null},"isHeader":true,"headerSeparatorDisplayMode":"NEVER","overflowStrategy":"NONE","textAlign":"CENTER"},"outsideLabels":[],"style":{"background":"#ffffff","borderColor":"#000000","borderSize":1,"borderRadius":0,"borderStyle":"Solid"},"childrenLayoutStrategy":{"kind":"FreeForm"},"borderNodes":[{"id":"c6d23f35-c9e1-3e08-b726-07cb0cc7f6bb","type":"node:image","targetObjectId":"53d16d73-eaac-44b2-a926-84c5ca0ae945","targetObjectKind":"siriusComponents://semantic?domain=sysml&entity=PortUsage","targetObjectLabel":"charging_port","descriptionId":"siriusComponents://nodeDescription?sourceKind=view&sourceId=74c5d045-51d7-359f-9634-611d0f1bef3d&sourceElementId=9e813b81-da01-3300-8d02-c881f85ccadc","borderNode":true,"modifiers":[],"state":"Normal","collapsingState":"EXPANDED","insideLabel":null,"outsideLabels":[{"id":"56996744-e8e2-3b1a-a6a4-ddfaeca163ef","text":"charging_port : ~PowerPort","outsideLabelLocation":"BOTTOM_MIDDLE","style":{"color":"#000000","fontSize":12,"bold":false,"italic":false,"underline":false,"strikeThrough":false,"iconURL":[],"background":"transparent","borderColor":"black","borderSize":0,"borderRadius":3,"borderStyle":"Solid","maxWidth":null},"overflowStrategy":"NONE","textAlign":"LEFT"}],"style":{"imageURL":"/images/Feature_In.svg","scalingFactor":1,"borderColor":"#000000","borderSize":1,"borderRadius":0,"borderStyle":"Solid","positionDependentRotation":true},"childrenLayoutStrategy":null,"borderNodes":[],"childNodes":[],"defaultWidth":10,"defaultHeight":10,"labelEditable":true,"pinned":false},{"id":"c5c08109-7a26-3905-94be-72162c24e675","type":"node:image","targetObjectId":"85b5347e-b60e-43a9-bf9d-95786f1ee8cd","targetObjectKind":"siriusComponents://semantic?domain=sysml&entity=PortUsage","targetObjectLabel":"satellites_data_in","descriptionId":"siriusComponents://nodeDescription?sourceKind=view&sourceId=74c5d045-51d7-359f-9634-611d0f1bef3d&sourceElementId=9e813b81-da01-3300-8d02-c881f85ccadc","borderNode":true,"modifiers":[],"state":"Normal","collapsingState":"EXPANDED","insideLabel":null,"outsideLabels":[{"id":"3bd4d24e-7780-3a7a-b205-d11b87bd1a3f","text":"satellites_data_in : ~DataOutPort","outsideLabelLocation":"BOTTOM_MIDDLE","style":{"color":"#000000","fontSize":12,"bold":false,"italic":false,"underline":false,"strikeThrough":false,"iconURL":[],"background":"transparent","borderColor":"black","borderSize":0,"borderRadius":3,"borderStyle":"Solid","maxWidth":null},"overflowStrategy":"NONE","textAlign":"LEFT"}],"style":{"imageURL":"/images/Feature_In.svg","scalingFactor":1,"borderColor":"#000000","borderSize":1,"borderRadius":0,"borderStyle":"Solid","positionDependentRotation":true},"childrenLayoutStrategy":null,"borderNodes":[],"childNodes":[],"defaultWidth":10,"defaultHeight":10,"labelEditable":true,"pinned":false},{"id":"2d26f21b-8daa-37bd-a4ad-a49bbd83093f","type":"node:image","targetObjectId":"96b5beb9-7c80-43c5-89ae-61d9c2445261","targetObjectKind":"siriusComponents://semantic?domain=sysml&entity=PortUsage","targetObjectLabel":"comm_data_out","descriptionId":"siriusComponents://nodeDescription?sourceKind=view&sourceId=74c5d045-51d7-359f-9634-611d0f1bef3d&sourceElementId=9e813b81-da01-3300-8d02-c881f85ccadc","borderNode":true,"modifiers":[],"state":"Normal","collapsingState":"EXPANDED","insideLabel":null,"outsideLabels":[{"id":"152351eb-431f-3a17-8f29-48a0f507ce8a","text":"comm_data_out : DataOutPort","outsideLabelLocation":"BOTTOM_MIDDLE","style":{"color":"#000000","fontSize":12,"bold":false,"italic":false,"underline":false,"strikeThrough":false,"iconURL":[],"background":"transparent","borderColor":"black","borderSize":0,"borderRadius":3,"borderStyle":"Solid","maxWidth":null},"overflowStrategy":"NONE","textAlign":"LEFT"}],"style":{"imageURL":"/images/Feature_Out.svg","scalingFactor":1,"borderColor":"#000000","borderSize":1,"borderRadius":0,"borderStyle":"Solid","positionDependentRotation":true},"childrenLayoutStrategy":null,"borderNodes":[],"childNodes":[],"defaultWidth":10,"defaultHeight":10,"labelEditable":true,"pinned":false},{"id":"26a0bed5-c696-30f0-9e26-f525bab9d638","type":"node:image","targetObjectId":"131faaf9-3939-4240-9bf8-42c0531a688a","targetObjectKind":"siriusComponents://semantic?domain=sysml&entity=PortUsage","targetObjectLabel":"drone_control_data_in","descriptionId":"siriusComponents://nodeDescription?sourceKind=view&sourceId=74c5d045-51d7-359f-9634-611d0f1bef3d&sourceElementId=9e813b81-da01-3300-8d02-c881f85ccadc","borderNode":true,"modifiers":[],"state":"Normal","collapsingState":"EXPANDED","insideLabel":null,"outsideLabels":[{"id":"f0268228-f3ee-32b7-b2be-aba8da077254","text":"drone_control_data_in : ~DataOutPort","outsideLabelLocation":"BOTTOM_MIDDLE","style":{"color":"#000000","fontSize":12,"bold":false,"italic":false,"underline":false,"strikeThrough":false,"iconURL":[],"background":"transparent","borderColor":"black","borderSize":0,"borderRadius":3,"borderStyle":"Solid","maxWidth":null},"overflowStrategy":"NONE","textAlign":"LEFT"}],"style":{"imageURL":"/images/Feature_In.svg","scalingFactor":1,"borderColor":"#000000","borderSize":1,"borderRadius":0,"borderStyle":"Solid","positionDependentRotation":true},"childrenLayoutStrategy":null,"borderNodes":[],"childNodes":[],"defaultWidth":10,"defaultHeight":10,"labelEditable":true,"pinned":false},{"id":"2fd742ca-b812-3010-9bd6-1e350b825680","type":"node:image","targetObjectId":"1edf223b-c418-4006-a23c-aa2112aed96f","targetObjectKind":"siriusComponents://semantic?domain=sysml&entity=PortUsage","targetObjectLabel":"diagnosis_data_out","descriptionId":"siriusComponents://nodeDescription?sourceKind=view&sourceId=74c5d045-51d7-359f-9634-611d0f1bef3d&sourceElementId=9e813b81-da01-3300-8d02-c881f85ccadc","borderNode":true,"modifiers":[],"state":"Normal","collapsingState":"EXPANDED","insideLabel":null,"outsideLabels":[{"id":"8f7439a6-3a4f-3576-8e78-7328e1b0468a","text":"diagnosis_data_out : DataOutPort","outsideLabelLocation":"BOTTOM_MIDDLE","style":{"color":"#000000","fontSize":12,"bold":false,"italic":false,"underline":false,"strikeThrough":false,"iconURL":[],"background":"transparent","borderColor":"black","borderSize":0,"borderRadius":3,"borderStyle":"Solid","maxWidth":null},"overflowStrategy":"NONE","textAlign":"LEFT"}],"style":{"imageURL":"/images/Feature_Out.svg","scalingFactor":1,"borderColor":"#000000","borderSize":1,"borderRadius":0,"borderStyle":"Solid","positionDependentRotation":true},"childrenLayoutStrategy":null,"borderNodes":[],"childNodes":[],"defaultWidth":10,"defaultHeight":10,"labelEditable":true,"pinned":false}],"childNodes":[{"id":"c8541f2f-9c7f-31da-902c-a422c111add0","type":"node:rectangle","targetObjectId":"25010d57-36d4-46a6-93e9-6d835127cd99","targetObjectKind":"siriusComponents://semantic?domain=sysml&entity=PartUsage","targetObjectLabel":"battery","descriptionId":"siriusComponents://nodeDescription?sourceKind=view&sourceId=74c5d045-51d7-359f-9634-611d0f1bef3d&sourceElementId=700133eb-7806-3dce-98d2-9ec37d212aaa","borderNode":false,"modifiers":[],"state":"Normal","collapsingState":"EXPANDED","insideLabel":{"id":"892241f0-ca95-36ff-8d6b-5b3bf57d3d16","text":"«part»\nbattery : Battery","insideLabelLocation":"TOP_CENTER","style":{"color":"#000000","fontSize":14,"bold":false,"italic":false,"underline":false,"strikeThrough":false,"iconURL":["/icons/full/obj16/PartUsage.svg"],"background":"transparent","borderColor":"black","borderSize":0,"borderRadius":3,"borderStyle":"Solid","maxWidth":null},"isHeader":true,"headerSeparatorDisplayMode":"IF_CHILDREN","overflowStrategy":"NONE","textAlign":"CENTER"},"outsideLabels":[],"style":{"background":"#ffffff","borderColor":"#000000","borderSize":1,"borderRadius":10,"borderStyle":"Solid"},"childrenLayoutStrategy":{"areChildNodesDraggable":false,"topGap":0,"bottomGap":0,"growableNodeIds":["siriusComponents://nodeDescription?sourceKind=view&sourceId=74c5d045-51d7-359f-9634-611d0f1bef3d&sourceElementId=a77b4c6c-526d-3fe4-822b-de505f743123"],"kind":"List"},"borderNodes":[{"id":"f12c15ee-d5f1-3c3f-98f3-2089b6019b32","type":"node:image","targetObjectId":"5168bdf7-2e78-433b-a1b0-747fc86c9dfb","targetObjectKind":"siriusComponents://semantic?domain=sysml&entity=PortUsage","targetObjectLabel":"charging_port","descriptionId":"siriusComponents://nodeDescription?sourceKind=view&sourceId=74c5d045-51d7-359f-9634-611d0f1bef3d&sourceElementId=de70405c-a973-3bca-88a6-c6829548952d","borderNode":true,"modifiers":[],"state":"Normal","collapsingState":"EXPANDED","insideLabel":null,"outsideLabels":[{"id":"90f22031-8937-3934-8430-87560ba9bf91","text":"charging_port : ~PowerPort","outsideLabelLocation":"BOTTOM_MIDDLE","style":{"color":"#000000","fontSize":12,"bold":false,"italic":false,"underline":false,"strikeThrough":false,"iconURL":[],"background":"transparent","borderColor":"black","borderSize":0,"borderRadius":3,"borderStyle":"Solid","maxWidth":null},"overflowStrategy":"NONE","textAlign":"LEFT"}],"style":{"imageURL":"/images/Feature_In.svg","scalingFactor":1,"borderColor":"#000000","borderSize":1,"borderRadius":0,"borderStyle":"Solid","positionDependentRotation":true},"childrenLayoutStrategy":null,"borderNodes":[],"childNodes":[],"defaultWidth":10,"defaultHeight":10,"labelEditable":true,"pinned":false},{"id":"6bc8484e-9664-34e1-b1a2-a13141215ff1","type":"node:image","targetObjectId":"16cb3e83-4329-47c2-b8cc-46fd8d475ba6","targetObjectKind":"siriusComponents://semantic?domain=sysml&entity=PortUsage","targetObjectLabel":"power_supply","descriptionId":"siriusComponents://nodeDescription?sourceKind=view&sourceId=74c5d045-51d7-359f-9634-611d0f1bef3d&sourceElementId=de70405c-a973-3bca-88a6-c6829548952d","borderNode":true,"modifiers":[],"state":"Normal","collapsingState":"EXPANDED","insideLabel":null,"outsideLabels":[{"id":"a2677dc3-f526-32eb-be4f-1b122f5b604c","text":"power_supply : PowerPort","outsideLabelLocation":"BOTTOM_MIDDLE","style":{"color":"#000000","fontSize":12,"bold":false,"italic":false,"underline":false,"strikeThrough":false,"iconURL":[],"background":"transparent","borderColor":"black","borderSize":0,"borderRadius":3,"borderStyle":"Solid","maxWidth":null},"overflowStrategy":"NONE","textAlign":"LEFT"}],"style":{"imageURL":"/images/Feature_Out.svg","scalingFactor":1,"borderColor":"#000000","borderSize":1,"borderRadius":0,"borderStyle":"Solid","positionDependentRotation":true},"childrenLayoutStrategy":null,"borderNodes":[],"childNodes":[],"defaultWidth":10,"defaultHeight":10,"labelEditable":true,"pinned":false},{"id":"11156ba3-3092-33c2-89d0-01eba1528579","type":"node:image","targetObjectId":"c9895d4f-ab77-4cc8-bb1e-6729ebe6d662","targetObjectKind":"siriusComponents://semantic?domain=sysml&entity=PortUsage","targetObjectLabel":"battery_status_out","descriptionId":"siriusComponents://nodeDescription?sourceKind=view&sourceId=74c5d045-51d7-359f-9634-611d0f1bef3d&sourceElementId=de70405c-a973-3bca-88a6-c6829548952d","borderNode":true,"modifiers":[],"state":"Normal","collapsingState":"EXPANDED","insideLabel":null,"outsideLabels":[{"id":"048f2b50-3b3b-38e6-a30b-de1e9ac8df12","text":"battery_status_out : DataOutPort","outsideLabelLocation":"BOTTOM_MIDDLE","style":{"color":"#000000","fontSize":12,"bold":false,"italic":false,"underline":false,"strikeThrough":false,"iconURL":[],"background":"transparent","borderColor":"black","borderSize":0,"borderRadius":3,"borderStyle":"Solid","maxWidth":null},"overflowStrategy":"NONE","textAlign":"LEFT"}],"style":{"imageURL":"/images/Feature_Out.svg","scalingFactor":1,"borderColor":"#000000","borderSize":1,"borderRadius":0,"borderStyle":"Solid","positionDependentRotation":true},"childrenLayoutStrategy":null,"borderNodes":[],"childNodes":[],"defaultWidth":10,"defaultHeight":10,"labelEditable":true,"pinned":false}],"childNodes":[{"id":"f2badc28-029a-3dee-8304-d13096a0c23a","type":"node:rectangle","targetObjectId":"25010d57-36d4-46a6-93e9-6d835127cd99","targetObjectKind":"siriusComponents://semantic?domain=sysml&entity=PartUsage","targetObjectLabel":"battery","descriptionId":"siriusComponents://nodeDescription?sourceKind=view&sourceId=74c5d045-51d7-359f-9634-611d0f1bef3d&sourceElementId=9f871f18-dbda-3798-8e28-094acfae6a2d","borderNode":false,"modifiers":["Hidden"],"state":"Hidden","collapsingState":"EXPANDED","insideLabel":{"id":"cfc5798b-cd70-339d-b938-e9bf49e106f3","text":"doc","insideLabelLocation":"TOP_CENTER","style":{"color":"#000000","fontSize":12,"bold":false,"italic":true,"underline":false,"strikeThrough":false,"iconURL":[],"background":"transparent","borderColor":"black","borderSize":0,"borderRadius":3,"borderStyle":"Solid","maxWidth":null},"isHeader":true,"headerSeparatorDisplayMode":"NEVER","overflowStrategy":"NONE","textAlign":"CENTER"},"outsideLabels":[],"style":{"background":"transparent","borderColor":"#000000","borderSize":1,"borderRadius":0,"borderStyle":"Solid"},"childrenLayoutStrategy":{"areChildNodesDraggable":true,"topGap":0,"bottomGap":10,"growableNodeIds":[],"kind":"List"},"borderNodes":[],"childNodes":[],"defaultWidth":125,"defaultHeight":60,"labelEditable":false,"pinned":false},{"id":"fd9d3ea5-d135-3683-beca-2b9b56d01519","type":"node:rectangle","targetObjectId":"25010d57-36d4-46a6-93e9-6d835127cd99","targetObjectKind":"siriusComponents://semantic?domain=sysml&entity=PartUsage","targetObjectLabel":"battery","descriptionId":"siriusComponents://nodeDescription?sourceKind=view&sourceId=74c5d045-51d7-359f-9634-611d0f1bef3d&sourceElementId=85d2283f-c727-34f0-ba1b-695e544d15a7","borderNode":false,"modifiers":["Hidden"],"state":"Hidden","collapsingState":"EXPANDED","insideLabel":{"id":"868967ee-8d9d-36ab-9cd6-7a93a553bd6b","text":"attributes","insideLabelLocation":"TOP_CENTER","style":{"color":"#000000","fontSize":12,"bold":false,"italic":true,"underline":false,"strikeThrough":false,"iconURL":[],"background":"transparent","borderColor":"black","borderSize":0,"borderRadius":3,"borderStyle":"Solid","maxWidth":null},"isHeader":true,"headerSeparatorDisplayMode":"NEVER","overflowStrategy":"NONE","textAlign":"CENTER"},"outsideLabels":[],"style":{"background":"transparent","borderColor":"#000000","borderSize":1,"borderRadius":0,"borderStyle":"Solid"},"childrenLayoutStrategy":{"areChildNodesDraggable":true,"topGap":0,"bottomGap":10,"growableNodeIds":[],"kind":"List"},"borderNodes":[],"childNodes":[{"id":"fe24f208-06e6-3bc1-950e-c81bd44310b5","type":"node:icon-label","targetObjectId":"86633bdf-ca61-477e-bdef-b4ac57e28611","targetObjectKind":"siriusComponents://semantic?domain=sysml&entity=AttributeUsage","targetObjectLabel":"voltage","descriptionId":"siriusComponents://nodeDescription?sourceKind=view&sourceId=74c5d045-51d7-359f-9634-611d0f1bef3d&sourceElementId=476c2177-8dca-3dfc-a55d-d5ab09e6eaf2","borderNode":false,"modifiers":[],"state":"Hidden","collapsingState":"EXPANDED","insideLabel":{"id":"bedb383d-9854-3d5c-9732-1e2f9ccac31c","text":"^voltage","insideLabelLocation":"TOP_LEFT","style":{"color":"#000000","fontSize":14,"bold":false,"italic":true,"underline":false,"strikeThrough":false,"iconURL":["/icons/full/obj16/AttributeUsage.svg"],"background":"transparent","borderColor":"black","borderSize":0,"borderRadius":3,"borderStyle":"Solid","maxWidth":null},"isHeader":false,"headerSeparatorDisplayMode":"NEVER","overflowStrategy":"WRAP","textAlign":"LEFT"},"outsideLabels":[],"style":{"background":"transparent"},"childrenLayoutStrategy":null,"borderNodes":[],"childNodes":[],"defaultWidth":125,"defaultHeight":15,"labelEditable":false,"pinned":false},{"id":"bc6e4759-e866-31ac-aaae-539e3855a476","type":"node:icon-label","targetObjectId":"d10ef1a8-8b1f-4e2b-b647-351edf19a5eb","targetObjectKind":"siriusComponents://semantic?domain=sysml&entity=AttributeUsage","targetObjectLabel":"capacity","descriptionId":"siriusComponents://nodeDescription?sourceKind=view&sourceId=74c5d045-51d7-359f-9634-611d0f1bef3d&sourceElementId=476c2177-8dca-3dfc-a55d-d5ab09e6eaf2","borderNode":false,"modifiers":[],"state":"Hidden","collapsingState":"EXPANDED","insideLabel":{"id":"8e4c88f9-dd98-349e-a047-5fc60ec68def","text":"^capacity","insideLabelLocation":"TOP_LEFT","style":{"color":"#000000","fontSize":14,"bold":false,"italic":true,"underline":false,"strikeThrough":false,"iconURL":["/icons/full/obj16/AttributeUsage.svg"],"background":"transparent","borderColor":"black","borderSize":0,"borderRadius":3,"borderStyle":"Solid","maxWidth":null},"isHeader":false,"headerSeparatorDisplayMode":"NEVER","overflowStrategy":"WRAP","textAlign":"LEFT"},"outsideLabels":[],"style":{"background":"transparent"},"childrenLayoutStrategy":null,"borderNodes":[],"childNodes":[],"defaultWidth":125,"defaultHeight":15,"labelEditable":false,"pinned":false}],"defaultWidth":125,"defaultHeight":60,"labelEditable":false,"pinned":false},{"id":"36f09ed7-939a-39fb-9a03-4c22d7253374","type":"node:rectangle","targetObjectId":"25010d57-36d4-46a6-93e9-6d835127cd99","targetObjectKind":"siriusComponents://semantic?domain=sysml&entity=PartUsage","targetObjectLabel":"battery","descriptionId":"siriusComponents://nodeDescription?sourceKind=view&sourceId=74c5d045-51d7-359f-9634-611d0f1bef3d&sourceElementId=a77b4c6c-526d-3fe4-822b-de505f743123","borderNode":false,"modifiers":["Hidden"],"state":"Hidden","collapsingState":"EXPANDED","insideLabel":{"id":"d0b2bd66-78e2-3da0-9a67-0629a6aa7560","text":"parts","insideLabelLocation":"TOP_CENTER","style":{"color":"#000000","fontSize":12,"bold":false,"italic":true,"underline":false,"strikeThrough":false,"iconURL":[],"background":"transparent","borderColor":"black","borderSize":0,"borderRadius":3,"borderStyle":"Solid","maxWidth":null},"isHeader":true,"headerSeparatorDisplayMode":"NEVER","overflowStrategy":"NONE","textAlign":"CENTER"},"outsideLabels":[],"style":{"background":"transparent","borderColor":"#000000","borderSize":1,"borderRadius":0,"borderStyle":"Solid"},"childrenLayoutStrategy":{"kind":"FreeForm"},"borderNodes":[],"childNodes":[],"defaultWidth":125,"defaultHeight":150,"labelEditable":false,"pinned":false}],"defaultWidth":150,"defaultHeight":60,"labelEditable":true,"pinned":false},{"id":"92c49153-0bd1-39d9-ae49-8d142431b85d","type":"node:rectangle","targetObjectId":"b91b90f6-152a-4c69-bda1-0f52dedb5dd3","targetObjectKind":"siriusComponents://semantic?domain=sysml&entity=PartUsage","targetObjectLabel":"motors","descriptionId":"siriusComponents://nodeDescription?sourceKind=view&sourceId=74c5d045-51d7-359f-9634-611d0f1bef3d&sourceElementId=700133eb-7806-3dce-98d2-9ec37d212aaa","borderNode":false,"modifiers":[],"state":"Normal","collapsingState":"EXPANDED","insideLabel":{"id":"2fdb469f-24dc-35d8-831a-12f389886b82","text":"«part»\nmotors : Motors+ESCs","insideLabelLocation":"TOP_CENTER","style":{"color":"#000000","fontSize":14,"bold":false,"italic":false,"underline":false,"strikeThrough":false,"iconURL":["/icons/full/obj16/PartUsage.svg"],"background":"transparent","borderColor":"black","borderSize":0,"borderRadius":3,"borderStyle":"Solid","maxWidth":null},"isHeader":true,"headerSeparatorDisplayMode":"IF_CHILDREN","overflowStrategy":"NONE","textAlign":"CENTER"},"outsideLabels":[],"style":{"background":"#ffffff","borderColor":"#000000","borderSize":1,"borderRadius":10,"borderStyle":"Solid"},"childrenLayoutStrategy":{"areChildNodesDraggable":false,"topGap":0,"bottomGap":0,"growableNodeIds":["siriusComponents://nodeDescription?sourceKind=view&sourceId=74c5d045-51d7-359f-9634-611d0f1bef3d&sourceElementId=a77b4c6c-526d-3fe4-822b-de505f743123"],"kind":"List"},"borderNodes":[{"id":"225de14d-5c08-3730-be83-9c3c81fbc971","type":"node:image","targetObjectId":"36b25bbc-8913-4d44-8cee-8d6add4cde56","targetObjectKind":"siriusComponents://semantic?domain=sysml&entity=PortUsage","targetObjectLabel":"power_in_motors","descriptionId":"siriusComponents://nodeDescription?sourceKind=view&sourceId=74c5d045-51d7-359f-9634-611d0f1bef3d&sourceElementId=de70405c-a973-3bca-88a6-c6829548952d","borderNode":true,"modifiers":[],"state":"Normal","collapsingState":"EXPANDED","insideLabel":null,"outsideLabels":[{"id":"458bc6e8-1b67-396b-b90d-207e631016ee","text":"power_in_motors : ~PowerPort","outsideLabelLocation":"BOTTOM_MIDDLE","style":{"color":"#000000","fontSize":12,"bold":false,"italic":false,"underline":false,"strikeThrough":false,"iconURL":[],"background":"transparent","borderColor":"black","borderSize":0,"borderRadius":3,"borderStyle":"Solid","maxWidth":null},"overflowStrategy":"NONE","textAlign":"LEFT"}],"style":{"imageURL":"/images/Feature_In.svg","scalingFactor":1,"borderColor":"#000000","borderSize":1,"borderRadius":0,"borderStyle":"Solid","positionDependentRotation":true},"childrenLayoutStrategy":null,"borderNodes":[],"childNodes":[],"defaultWidth":10,"defaultHeight":10,"labelEditable":true,"pinned":false},{"id":"63e775a5-1cbb-3c0e-895d-03f1befbe204","type":"node:image","targetObjectId":"3eae5ee5-46f1-4e06-bbc7-12bbf3308e74","targetObjectKind":"siriusComponents://semantic?domain=sysml&entity=PortUsage","targetObjectLabel":"motor_control_in","descriptionId":"siriusComponents://nodeDescription?sourceKind=view&sourceId=74c5d045-51d7-359f-9634-611d0f1bef3d&sourceElementId=de70405c-a973-3bca-88a6-c6829548952d","borderNode":true,"modifiers":[],"state":"Normal","collapsingState":"EXPANDED","insideLabel":null,"outsideLabels":[{"id":"2c9cc7cc-f3aa-3a7b-9311-c5dca686c220","text":"motor_control_in : ~DataOutPort","outsideLabelLocation":"BOTTOM_MIDDLE","style":{"color":"#000000","fontSize":12,"bold":false,"italic":false,"underline":false,"strikeThrough":false,"iconURL":[],"background":"transparent","borderColor":"black","borderSize":0,"borderRadius":3,"borderStyle":"Solid","maxWidth":null},"overflowStrategy":"NONE","textAlign":"LEFT"}],"style":{"imageURL":"/images/Feature_In.svg","scalingFactor":1,"borderColor":"#000000","borderSize":1,"borderRadius":0,"borderStyle":"Solid","positionDependentRotation":true},"childrenLayoutStrategy":null,"borderNodes":[],"childNodes":[],"defaultWidth":10,"defaultHeight":10,"labelEditable":true,"pinned":false},{"id":"bae81f27-8f1e-3832-bde7-f0e95d68a86a","type":"node:image","targetObjectId":"a9b1ab17-6b36-4eb7-b5e8-60b9ab0900ce","targetObjectKind":"siriusComponents://semantic?domain=sysml&entity=PortUsage","targetObjectLabel":"motor_status_out","descriptionId":"siriusComponents://nodeDescription?sourceKind=view&sourceId=74c5d045-51d7-359f-9634-611d0f1bef3d&sourceElementId=de70405c-a973-3bca-88a6-c6829548952d","borderNode":true,"modifiers":[],"state":"Normal","collapsingState":"EXPANDED","insideLabel":null,"outsideLabels":[{"id":"cebe08ee-2169-3389-9967-fb33dd325296","text":"motor_status_out : DataOutPort","outsideLabelLocation":"BOTTOM_MIDDLE","style":{"color":"#000000","fontSize":12,"bold":false,"italic":false,"underline":false,"strikeThrough":false,"iconURL":[],"background":"transparent","borderColor":"black","borderSize":0,"borderRadius":3,"borderStyle":"Solid","maxWidth":null},"overflowStrategy":"NONE","textAlign":"LEFT"}],"style":{"imageURL":"/images/Feature_Out.svg","scalingFactor":1,"borderColor":"#000000","borderSize":1,"borderRadius":0,"borderStyle":"Solid","positionDependentRotation":true},"childrenLayoutStrategy":null,"borderNodes":[],"childNodes":[],"defaultWidth":10,"defaultHeight":10,"labelEditable":true,"pinned":false}],"childNodes":[{"id":"3d4f5824-c62c-3a46-8b11-568e392d2375","type":"node:rectangle","targetObjectId":"b91b90f6-152a-4c69-bda1-0f52dedb5dd3","targetObjectKind":"siriusComponents://semantic?domain=sysml&entity=PartUsage","targetObjectLabel":"motors","descriptionId":"siriusComponents://nodeDescription?sourceKind=view&sourceId=74c5d045-51d7-359f-9634-611d0f1bef3d&sourceElementId=9f871f18-dbda-3798-8e28-094acfae6a2d","borderNode":false,"modifiers":["Hidden"],"state":"Hidden","collapsingState":"EXPANDED","insideLabel":{"id":"169dad01-f19e-33a7-9b04-0a6348fe8b97","text":"doc","insideLabelLocation":"TOP_CENTER","style":{"color":"#000000","fontSize":12,"bold":false,"italic":true,"underline":false,"strikeThrough":false,"iconURL":[],"background":"transparent","borderColor":"black","borderSize":0,"borderRadius":3,"borderStyle":"Solid","maxWidth":null},"isHeader":true,"headerSeparatorDisplayMode":"NEVER","overflowStrategy":"NONE","textAlign":"CENTER"},"outsideLabels":[],"style":{"background":"transparent","borderColor":"#000000","borderSize":1,"borderRadius":0,"borderStyle":"Solid"},"childrenLayoutStrategy":{"areChildNodesDraggable":true,"topGap":0,"bottomGap":10,"growableNodeIds":[],"kind":"List"},"borderNodes":[],"childNodes":[],"defaultWidth":125,"defaultHeight":60,"labelEditable":false,"pinned":false},{"id":"db4b50ab-9943-30a5-8052-37b096260f93","type":"node:rectangle","targetObjectId":"b91b90f6-152a-4c69-bda1-0f52dedb5dd3","targetObjectKind":"siriusComponents://semantic?domain=sysml&entity=PartUsage","targetObjectLabel":"motors","descriptionId":"siriusComponents://nodeDescription?sourceKind=view&sourceId=74c5d045-51d7-359f-9634-611d0f1bef3d&sourceElementId=85d2283f-c727-34f0-ba1b-695e544d15a7","borderNode":false,"modifiers":["Hidden"],"state":"Hidden","collapsingState":"EXPANDED","insideLabel":{"id":"6c047e26-3fe7-3a58-970f-8614b967b42b","text":"attributes","insideLabelLocation":"TOP_CENTER","style":{"color":"#000000","fontSize":12,"bold":false,"italic":true,"underline":false,"strikeThrough":false,"iconURL":[],"background":"transparent","borderColor":"black","borderSize":0,"borderRadius":3,"borderStyle":"Solid","maxWidth":null},"isHeader":true,"headerSeparatorDisplayMode":"NEVER","overflowStrategy":"NONE","textAlign":"CENTER"},"outsideLabels":[],"style":{"background":"transparent","borderColor":"#000000","borderSize":1,"borderRadius":0,"borderStyle":"Solid"},"childrenLayoutStrategy":{"areChildNodesDraggable":true,"topGap":0,"bottomGap":10,"growableNodeIds":[],"kind":"List"},"borderNodes":[],"childNodes":[],"defaultWidth":125,"defaultHeight":60,"labelEditable":false,"pinned":false},{"id":"0e26d86d-4e78-39bf-af8b-75d5c982570c","type":"node:rectangle","targetObjectId":"b91b90f6-152a-4c69-bda1-0f52dedb5dd3","targetObjectKind":"siriusComponents://semantic?domain=sysml&entity=PartUsage","targetObjectLabel":"motors","descriptionId":"siriusComponents://nodeDescription?sourceKind=view&sourceId=74c5d045-51d7-359f-9634-611d0f1bef3d&sourceElementId=a77b4c6c-526d-3fe4-822b-de505f743123","borderNode":false,"modifiers":["Hidden"],"state":"Hidden","collapsingState":"EXPANDED","insideLabel":{"id":"8422e61c-5841-324e-8e26-b260d84bcd45","text":"parts","insideLabelLocation":"TOP_CENTER","style":{"color":"#000000","fontSize":12,"bold":false,"italic":true,"underline":false,"strikeThrough":false,"iconURL":[],"background":"transparent","borderColor":"black","borderSize":0,"borderRadius":3,"borderStyle":"Solid","maxWidth":null},"isHeader":true,"headerSeparatorDisplayMode":"NEVER","overflowStrategy":"NONE","textAlign":"CENTER"},"outsideLabels":[],"style":{"background":"transparent","borderColor":"#000000","borderSize":1,"borderRadius":0,"borderStyle":"Solid"},"childrenLayoutStrategy":{"kind":"FreeForm"},"borderNodes":[],"childNodes":[],"defaultWidth":125,"defaultHeight":150,"labelEditable":false,"pinned":false}],"defaultWidth":150,"defaultHeight":60,"labelEditable":true,"pinned":false},{"id":"f55b7b89-4553-33d3-8a03-ad1838213706","type":"node:rectangle","targetObjectId":"ce08c4ac-e134-48a9-b3f2-40db016d1b20","targetObjectKind":"siriusComponents://semantic?domain=sysml&entity=PartUsage","targetObjectLabel":"controller","descriptionId":"siriusComponents://nodeDescription?sourceKind=view&sourceId=74c5d045-51d7-359f-9634-611d0f1bef3d&sourceElementId=700133eb-7806-3dce-98d2-9ec37d212aaa","borderNode":false,"modifiers":[],"state":"Normal","collapsingState":"EXPANDED","insideLabel":{"id":"af78fc9f-b0a9-3ebe-941c-2cab6ffe74a8","text":"«part»\ncontroller : DroneControl","insideLabelLocation":"TOP_CENTER","style":{"color":"#000000","fontSize":14,"bold":false,"italic":false,"underline":false,"strikeThrough":false,"iconURL":["/icons/full/obj16/PartUsage.svg"],"background":"transparent","borderColor":"black","borderSize":0,"borderRadius":3,"borderStyle":"Solid","maxWidth":null},"isHeader":true,"headerSeparatorDisplayMode":"IF_CHILDREN","overflowStrategy":"NONE","textAlign":"CENTER"},"outsideLabels":[],"style":{"background":"#ffffff","borderColor":"#000000","borderSize":1,"borderRadius":10,"borderStyle":"Solid"},"childrenLayoutStrategy":{"areChildNodesDraggable":false,"topGap":0,"bottomGap":0,"growableNodeIds":["siriusComponents://nodeDescription?sourceKind=view&sourceId=74c5d045-51d7-359f-9634-611d0f1bef3d&sourceElementId=a77b4c6c-526d-3fe4-822b-de505f743123"],"kind":"List"},"borderNodes":[{"id":"d0e8c132-656f-3551-804a-f89b0df2a3c4","type":"node:image","targetObjectId":"3e7b0002-625c-446f-b280-eca9405afd23","targetObjectKind":"siriusComponents://semantic?domain=sysml&entity=PortUsage","targetObjectLabel":"power_in_controller","descriptionId":"siriusComponents://nodeDescription?sourceKind=view&sourceId=74c5d045-51d7-359f-9634-611d0f1bef3d&sourceElementId=de70405c-a973-3bca-88a6-c6829548952d","borderNode":true,"modifiers":[],"state":"Normal","collapsingState":"EXPANDED","insideLabel":null,"outsideLabels":[{"id":"1ec3117b-b994-3edd-abbd-b00fa4c9e7c8","text":"power_in_controller : ~PowerPort","outsideLabelLocation":"BOTTOM_MIDDLE","style":{"color":"#000000","fontSize":12,"bold":false,"italic":false,"underline":false,"strikeThrough":false,"iconURL":[],"background":"transparent","borderColor":"black","borderSize":0,"borderRadius":3,"borderStyle":"Solid","maxWidth":null},"overflowStrategy":"NONE","textAlign":"LEFT"}],"style":{"imageURL":"/images/Feature_In.svg","scalingFactor":1,"borderColor":"#000000","borderSize":1,"borderRadius":0,"borderStyle":"Solid","positionDependentRotation":true},"childrenLayoutStrategy":null,"borderNodes":[],"childNodes":[],"defaultWidth":10,"defaultHeight":10,"labelEditable":true,"pinned":false},{"id":"9de1c055-c76d-3159-9aba-621fd3161f84","type":"node:image","targetObjectId":"c4446662-f094-480d-8adf-eb24df04b09b","targetObjectKind":"siriusComponents://semantic?domain=sysml&entity=PortUsage","targetObjectLabel":"drone_control_data_in","descriptionId":"siriusComponents://nodeDescription?sourceKind=view&sourceId=74c5d045-51d7-359f-9634-611d0f1bef3d&sourceElementId=de70405c-a973-3bca-88a6-c6829548952d","borderNode":true,"modifiers":[],"state":"Normal","collapsingState":"EXPANDED","insideLabel":null,"outsideLabels":[{"id":"30eb1bea-d12a-3c35-8372-ad0b61d681ac","text":"drone_control_data_in : ~DataOutPort","outsideLabelLocation":"BOTTOM_MIDDLE","style":{"color":"#000000","fontSize":12,"bold":false,"italic":false,"underline":false,"strikeThrough":false,"iconURL":[],"background":"transparent","borderColor":"black","borderSize":0,"borderRadius":3,"borderStyle":"Solid","maxWidth":null},"overflowStrategy":"NONE","textAlign":"LEFT"}],"style":{"imageURL":"/images/Feature_In.svg","scalingFactor":1,"borderColor":"#000000","borderSize":1,"borderRadius":0,"borderStyle":"Solid","positionDependentRotation":true},"childrenLayoutStrategy":null,"borderNodes":[],"childNodes":[],"defaultWidth":10,"defaultHeight":10,"labelEditable":true,"pinned":false},{"id":"788112ef-3899-30e2-be5f-22de2a931e7a","type":"node:image","targetObjectId":"0965be0e-555e-4fc9-8614-0971751d25e5","targetObjectKind":"siriusComponents://semantic?domain=sysml&entity=PortUsage","targetObjectLabel":"motor_control_out","descriptionId":"siriusComponents://nodeDescription?sourceKind=view&sourceId=74c5d045-51d7-359f-9634-611d0f1bef3d&sourceElementId=de70405c-a973-3bca-88a6-c6829548952d","borderNode":true,"modifiers":[],"state":"Normal","collapsingState":"EXPANDED","insideLabel":null,"outsideLabels":[{"id":"df25bac3-6aec-345e-98e2-fb456b46d30a","text":"motor_control_out : DataOutPort","outsideLabelLocation":"BOTTOM_MIDDLE","style":{"color":"#000000","fontSize":12,"bold":false,"italic":false,"underline":false,"strikeThrough":false,"iconURL":[],"background":"transparent","borderColor":"black","borderSize":0,"borderRadius":3,"borderStyle":"Solid","maxWidth":null},"overflowStrategy":"NONE","textAlign":"LEFT"}],"style":{"imageURL":"/images/Feature_Out.svg","scalingFactor":1,"borderColor":"#000000","borderSize":1,"borderRadius":0,"borderStyle":"Solid","positionDependentRotation":true},"childrenLayoutStrategy":null,"borderNodes":[],"childNodes":[],"defaultWidth":10,"defaultHeight":10,"labelEditable":true,"pinned":false},{"id":"1d8c9eb8-f91b-391d-a561-1d551439fd71","type":"node:image","targetObjectId":"eca59658-e929-4299-a144-09c57deb1652","targetObjectKind":"siriusComponents://semantic?domain=sysml&entity=PortUsage","targetObjectLabel":"light_control_out","descriptionId":"siriusComponents://nodeDescription?sourceKind=view&sourceId=74c5d045-51d7-359f-9634-611d0f1bef3d&sourceElementId=de70405c-a973-3bca-88a6-c6829548952d","borderNode":true,"modifiers":[],"state":"Normal","collapsingState":"EXPANDED","insideLabel":null,"outsideLabels":[{"id":"a37425aa-ec94-3210-a492-a931f99f1770","text":"light_control_out : DataOutPort","outsideLabelLocation":"BOTTOM_MIDDLE","style":{"color":"#000000","fontSize":12,"bold":false,"italic":false,"underline":false,"strikeThrough":false,"iconURL":[],"background":"transparent","borderColor":"black","borderSize":0,"borderRadius":3,"borderStyle":"Solid","maxWidth":null},"overflowStrategy":"NONE","textAlign":"LEFT"}],"style":{"imageURL":"/images/Feature_Out.svg","scalingFactor":1,"borderColor":"#000000","borderSize":1,"borderRadius":0,"borderStyle":"Solid","positionDependentRotation":true},"childrenLayoutStrategy":null,"borderNodes":[],"childNodes":[],"defaultWidth":10,"defaultHeight":10,"labelEditable":true,"pinned":false},{"id":"95530e2f-66b4-3c4c-91f8-7a7dabce37e0","type":"node:image","targetObjectId":"65fc943c-c7e7-4113-8649-fefc814656bf","targetObjectKind":"siriusComponents://semantic?domain=sysml&entity=PortUsage","targetObjectLabel":"diagnosis_data_out","descriptionId":"siriusComponents://nodeDescription?sourceKind=view&sourceId=74c5d045-51d7-359f-9634-611d0f1bef3d&sourceElementId=de70405c-a973-3bca-88a6-c6829548952d","borderNode":true,"modifiers":[],"state":"Normal","collapsingState":"EXPANDED","insideLabel":null,"outsideLabels":[{"id":"f5940917-2d40-3f3b-97d3-5af6c6cdd9e3","text":"diagnosis_data_out : DataOutPort","outsideLabelLocation":"BOTTOM_MIDDLE","style":{"color":"#000000","fontSize":12,"bold":false,"italic":false,"underline":false,"strikeThrough":false,"iconURL":[],"background":"transparent","borderColor":"black","borderSize":0,"borderRadius":3,"borderStyle":"Solid","maxWidth":null},"overflowStrategy":"NONE","textAlign":"LEFT"}],"style":{"imageURL":"/images/Feature_Out.svg","scalingFactor":1,"borderColor":"#000000","borderSize":1,"borderRadius":0,"borderStyle":"Solid","positionDependentRotation":true},"childrenLayoutStrategy":null,"borderNodes":[],"childNodes":[],"defaultWidth":10,"defaultHeight":10,"labelEditable":true,"pinned":false},{"id":"fa77aa39-17b0-3e21-8dd1-3b910becee12","type":"node:image","targetObjectId":"285e7739-c493-4b4e-8654-f3f3e6f1e012","targetObjectKind":"siriusComponents://semantic?domain=sysml&entity=PortUsage","targetObjectLabel":"status_data_in","descriptionId":"siriusComponents://nodeDescription?sourceKind=view&sourceId=74c5d045-51d7-359f-9634-611d0f1bef3d&sourceElementId=de70405c-a973-3bca-88a6-c6829548952d","borderNode":true,"modifiers":[],"state":"Normal","collapsingState":"EXPANDED","insideLabel":null,"outsideLabels":[{"id":"b3844ae8-33b1-366b-a4ea-788fb9a9a88d","text":"status_data_in : ~DataOutPort","outsideLabelLocation":"BOTTOM_MIDDLE","style":{"color":"#000000","fontSize":12,"bold":false,"italic":false,"underline":false,"strikeThrough":false,"iconURL":[],"background":"transparent","borderColor":"black","borderSize":0,"borderRadius":3,"borderStyle":"Solid","maxWidth":null},"overflowStrategy":"NONE","textAlign":"LEFT"}],"style":{"imageURL":"/images/Feature_In.svg","scalingFactor":1,"borderColor":"#000000","borderSize":1,"borderRadius":0,"borderStyle":"Solid","positionDependentRotation":true},"childrenLayoutStrategy":null,"borderNodes":[],"childNodes":[],"defaultWidth":10,"defaultHeight":10,"labelEditable":true,"pinned":false}],"childNodes":[{"id":"5b061e92-1f0f-33bf-a285-d2358d9166d9","type":"node:rectangle","targetObjectId":"ce08c4ac-e134-48a9-b3f2-40db016d1b20","targetObjectKind":"siriusComponents://semantic?domain=sysml&entity=PartUsage","targetObjectLabel":"controller","descriptionId":"siriusComponents://nodeDescription?sourceKind=view&sourceId=74c5d045-51d7-359f-9634-611d0f1bef3d&sourceElementId=9f871f18-dbda-3798-8e28-094acfae6a2d","borderNode":false,"modifiers":["Hidden"],"state":"Hidden","collapsingState":"EXPANDED","insideLabel":{"id":"a4cad626-6017-361f-8eee-3eaf09df240d","text":"doc","insideLabelLocation":"TOP_CENTER","style":{"color":"#000000","fontSize":12,"bold":false,"italic":true,"underline":false,"strikeThrough":false,"iconURL":[],"background":"transparent","borderColor":"black","borderSize":0,"borderRadius":3,"borderStyle":"Solid","maxWidth":null},"isHeader":true,"headerSeparatorDisplayMode":"NEVER","overflowStrategy":"NONE","textAlign":"CENTER"},"outsideLabels":[],"style":{"background":"transparent","borderColor":"#000000","borderSize":1,"borderRadius":0,"borderStyle":"Solid"},"childrenLayoutStrategy":{"areChildNodesDraggable":true,"topGap":0,"bottomGap":10,"growableNodeIds":[],"kind":"List"},"borderNodes":[],"childNodes":[],"defaultWidth":125,"defaultHeight":60,"labelEditable":false,"pinned":false},{"id":"7e708443-84fa-3d49-89b4-6b348c7423c4","type":"node:rectangle","targetObjectId":"ce08c4ac-e134-48a9-b3f2-40db016d1b20","targetObjectKind":"siriusComponents://semantic?domain=sysml&entity=PartUsage","targetObjectLabel":"controller","descriptionId":"siriusComponents://nodeDescription?sourceKind=view&sourceId=74c5d045-51d7-359f-9634-611d0f1bef3d&sourceElementId=85d2283f-c727-34f0-ba1b-695e544d15a7","borderNode":false,"modifiers":["Hidden"],"state":"Hidden","collapsingState":"EXPANDED","insideLabel":{"id":"61aeeb93-4c6f-3ec8-94a2-767f00fa3691","text":"attributes","insideLabelLocation":"TOP_CENTER","style":{"color":"#000000","fontSize":12,"bold":false,"italic":true,"underline":false,"strikeThrough":false,"iconURL":[],"background":"transparent","borderColor":"black","borderSize":0,"borderRadius":3,"borderStyle":"Solid","maxWidth":null},"isHeader":true,"headerSeparatorDisplayMode":"NEVER","overflowStrategy":"NONE","textAlign":"CENTER"},"outsideLabels":[],"style":{"background":"transparent","borderColor":"#000000","borderSize":1,"borderRadius":0,"borderStyle":"Solid"},"childrenLayoutStrategy":{"areChildNodesDraggable":true,"topGap":0,"bottomGap":10,"growableNodeIds":[],"kind":"List"},"borderNodes":[],"childNodes":[],"defaultWidth":125,"defaultHeight":60,"labelEditable":false,"pinned":false},{"id":"09c3845b-1275-393f-bb18-51849ad7e5a3","type":"node:rectangle","targetObjectId":"ce08c4ac-e134-48a9-b3f2-40db016d1b20","targetObjectKind":"siriusComponents://semantic?domain=sysml&entity=PartUsage","targetObjectLabel":"controller","descriptionId":"siriusComponents://nodeDescription?sourceKind=view&sourceId=74c5d045-51d7-359f-9634-611d0f1bef3d&sourceElementId=a77b4c6c-526d-3fe4-822b-de505f743123","borderNode":false,"modifiers":["Hidden"],"state":"Hidden","collapsingState":"EXPANDED","insideLabel":{"id":"43e467b3-cedc-344e-beb5-0308db30b209","text":"parts","insideLabelLocation":"TOP_CENTER","style":{"color":"#000000","fontSize":12,"bold":false,"italic":true,"underline":false,"strikeThrough":false,"iconURL":[],"background":"transparent","borderColor":"black","borderSize":0,"borderRadius":3,"borderStyle":"Solid","maxWidth":null},"isHeader":true,"headerSeparatorDisplayMode":"NEVER","overflowStrategy":"NONE","textAlign":"CENTER"},"outsideLabels":[],"style":{"background":"transparent","borderColor":"#000000","borderSize":1,"borderRadius":0,"borderStyle":"Solid"},"childrenLayoutStrategy":{"kind":"FreeForm"},"borderNodes":[],"childNodes":[],"defaultWidth":125,"defaultHeight":150,"labelEditable":false,"pinned":false}],"defaultWidth":150,"defaultHeight":60,"labelEditable":true,"pinned":false},{"id":"418560e2-7115-3a63-b2dd-f261cdbb8e05","type":"node:rectangle","targetObjectId":"a925af5a-e833-4719-b02a-5b4837f05378","targetObjectKind":"siriusComponents://semantic?domain=sysml&entity=PartUsage","targetObjectLabel":"communication","descriptionId":"siriusComponents://nodeDescription?sourceKind=view&sourceId=74c5d045-51d7-359f-9634-611d0f1bef3d&sourceElementId=700133eb-7806-3dce-98d2-9ec37d212aaa","borderNode":false,"modifiers":[],"state":"Normal","collapsingState":"EXPANDED","insideLabel":{"id":"7f377394-aa25-3b2f-a4d9-fc8e66e3f850","text":"«part»\ncommunication : CommunicationModule","insideLabelLocation":"TOP_CENTER","style":{"color":"#000000","fontSize":14,"bold":false,"italic":false,"underline":false,"strikeThrough":false,"iconURL":["/icons/full/obj16/PartUsage.svg"],"background":"transparent","borderColor":"black","borderSize":0,"borderRadius":3,"borderStyle":"Solid","maxWidth":null},"isHeader":true,"headerSeparatorDisplayMode":"IF_CHILDREN","overflowStrategy":"NONE","textAlign":"CENTER"},"outsideLabels":[],"style":{"background":"#ffffff","borderColor":"#000000","borderSize":1,"borderRadius":10,"borderStyle":"Solid"},"childrenLayoutStrategy":{"areChildNodesDraggable":false,"topGap":0,"bottomGap":0,"growableNodeIds":["siriusComponents://nodeDescription?sourceKind=view&sourceId=74c5d045-51d7-359f-9634-611d0f1bef3d&sourceElementId=a77b4c6c-526d-3fe4-822b-de505f743123"],"kind":"List"},"borderNodes":[{"id":"6782aed8-046e-3b1f-a3db-36dc337824f9","type":"node:image","targetObjectId":"2f394a53-2d87-47f7-a201-94b665bd32dc","targetObjectKind":"siriusComponents://semantic?domain=sysml&entity=PortUsage","targetObjectLabel":"gps_data_in","descriptionId":"siriusComponents://nodeDescription?sourceKind=view&sourceId=74c5d045-51d7-359f-9634-611d0f1bef3d&sourceElementId=de70405c-a973-3bca-88a6-c6829548952d","borderNode":true,"modifiers":[],"state":"Normal","collapsingState":"EXPANDED","insideLabel":null,"outsideLabels":[{"id":"8a014b65-74da-3377-bef8-b5af39ae713f","text":"gps_data_in : ~DataOutPort","outsideLabelLocation":"BOTTOM_MIDDLE","style":{"color":"#000000","fontSize":12,"bold":false,"italic":false,"underline":false,"strikeThrough":false,"iconURL":[],"background":"transparent","borderColor":"black","borderSize":0,"borderRadius":3,"borderStyle":"Solid","maxWidth":null},"overflowStrategy":"NONE","textAlign":"LEFT"}],"style":{"imageURL":"/images/Feature_In.svg","scalingFactor":1,"borderColor":"#000000","borderSize":1,"borderRadius":0,"borderStyle":"Solid","positionDependentRotation":true},"childrenLayoutStrategy":null,"borderNodes":[],"childNodes":[],"defaultWidth":10,"defaultHeight":10,"labelEditable":true,"pinned":false},{"id":"2f575fad-f161-3d0e-9b20-52993c056499","type":"node:image","targetObjectId":"13e74060-6011-421f-adf8-55d511604d64","targetObjectKind":"siriusComponents://semantic?domain=sysml&entity=PortUsage","targetObjectLabel":"comm_data_out","descriptionId":"siriusComponents://nodeDescription?sourceKind=view&sourceId=74c5d045-51d7-359f-9634-611d0f1bef3d&sourceElementId=de70405c-a973-3bca-88a6-c6829548952d","borderNode":true,"modifiers":[],"state":"Normal","collapsingState":"EXPANDED","insideLabel":null,"outsideLabels":[{"id":"b12cc351-c230-3105-98ce-c3a2b2b4ccae","text":"comm_data_out : DataOutPort","outsideLabelLocation":"BOTTOM_MIDDLE","style":{"color":"#000000","fontSize":12,"bold":false,"italic":false,"underline":false,"strikeThrough":false,"iconURL":[],"background":"transparent","borderColor":"black","borderSize":0,"borderRadius":3,"borderStyle":"Solid","maxWidth":null},"overflowStrategy":"NONE","textAlign":"LEFT"}],"style":{"imageURL":"/images/Feature_Out.svg","scalingFactor":1,"borderColor":"#000000","borderSize":1,"borderRadius":0,"borderStyle":"Solid","positionDependentRotation":true},"childrenLayoutStrategy":null,"borderNodes":[],"childNodes":[],"defaultWidth":10,"defaultHeight":10,"labelEditable":true,"pinned":false},{"id":"17ae6b8b-01f0-34c9-9cf0-f028cc1a38c9","type":"node:image","targetObjectId":"95e6d309-6b64-4845-b81b-009fb6e2a2e6","targetObjectKind":"siriusComponents://semantic?domain=sysml&entity=PortUsage","targetObjectLabel":"power_in_comm","descriptionId":"siriusComponents://nodeDescription?sourceKind=view&sourceId=74c5d045-51d7-359f-9634-611d0f1bef3d&sourceElementId=de70405c-a973-3bca-88a6-c6829548952d","borderNode":true,"modifiers":[],"state":"Normal","collapsingState":"EXPANDED","insideLabel":null,"outsideLabels":[{"id":"9b265a00-b70a-379f-8e06-5165e0274d6b","text":"power_in_comm : ~PowerPort","outsideLabelLocation":"BOTTOM_MIDDLE","style":{"color":"#000000","fontSize":12,"bold":false,"italic":false,"underline":false,"strikeThrough":false,"iconURL":[],"background":"transparent","borderColor":"black","borderSize":0,"borderRadius":3,"borderStyle":"Solid","maxWidth":null},"overflowStrategy":"NONE","textAlign":"LEFT"}],"style":{"imageURL":"/images/Feature_In.svg","scalingFactor":1,"borderColor":"#000000","borderSize":1,"borderRadius":0,"borderStyle":"Solid","positionDependentRotation":true},"childrenLayoutStrategy":null,"borderNodes":[],"childNodes":[],"defaultWidth":10,"defaultHeight":10,"labelEditable":true,"pinned":false}],"childNodes":[{"id":"8b71c60d-6c16-3861-826f-cd90cbf5bacb","type":"node:rectangle","targetObjectId":"a925af5a-e833-4719-b02a-5b4837f05378","targetObjectKind":"siriusComponents://semantic?domain=sysml&entity=PartUsage","targetObjectLabel":"communication","descriptionId":"siriusComponents://nodeDescription?sourceKind=view&sourceId=74c5d045-51d7-359f-9634-611d0f1bef3d&sourceElementId=9f871f18-dbda-3798-8e28-094acfae6a2d","borderNode":false,"modifiers":["Hidden"],"state":"Hidden","collapsingState":"EXPANDED","insideLabel":{"id":"871b50ba-e81a-3233-b258-22c804a1392f","text":"doc","insideLabelLocation":"TOP_CENTER","style":{"color":"#000000","fontSize":12,"bold":false,"italic":true,"underline":false,"strikeThrough":false,"iconURL":[],"background":"transparent","borderColor":"black","borderSize":0,"borderRadius":3,"borderStyle":"Solid","maxWidth":null},"isHeader":true,"headerSeparatorDisplayMode":"NEVER","overflowStrategy":"NONE","textAlign":"CENTER"},"outsideLabels":[],"style":{"background":"transparent","borderColor":"#000000","borderSize":1,"borderRadius":0,"borderStyle":"Solid"},"childrenLayoutStrategy":{"areChildNodesDraggable":true,"topGap":0,"bottomGap":10,"growableNodeIds":[],"kind":"List"},"borderNodes":[],"childNodes":[],"defaultWidth":125,"defaultHeight":60,"labelEditable":false,"pinned":false},{"id":"a298418b-fd20-328c-bc3c-70d76fff8893","type":"node:rectangle","targetObjectId":"a925af5a-e833-4719-b02a-5b4837f05378","targetObjectKind":"siriusComponents://semantic?domain=sysml&entity=PartUsage","targetObjectLabel":"communication","descriptionId":"siriusComponents://nodeDescription?sourceKind=view&sourceId=74c5d045-51d7-359f-9634-611d0f1bef3d&sourceElementId=85d2283f-c727-34f0-ba1b-695e544d15a7","borderNode":false,"modifiers":["Hidden"],"state":"Hidden","collapsingState":"EXPANDED","insideLabel":{"id":"f746b9b5-b2e7-3292-a822-59ca5e4647c3","text":"attributes","insideLabelLocation":"TOP_CENTER","style":{"color":"#000000","fontSize":12,"bold":false,"italic":true,"underline":false,"strikeThrough":false,"iconURL":[],"background":"transparent","borderColor":"black","borderSize":0,"borderRadius":3,"borderStyle":"Solid","maxWidth":null},"isHeader":true,"headerSeparatorDisplayMode":"NEVER","overflowStrategy":"NONE","textAlign":"CENTER"},"outsideLabels":[],"style":{"background":"transparent","borderColor":"#000000","borderSize":1,"borderRadius":0,"borderStyle":"Solid"},"childrenLayoutStrategy":{"areChildNodesDraggable":true,"topGap":0,"bottomGap":10,"growableNodeIds":[],"kind":"List"},"borderNodes":[],"childNodes":[],"defaultWidth":125,"defaultHeight":60,"labelEditable":false,"pinned":false},{"id":"f8e88b3d-1daa-34fe-bc8d-dbd2c52c7663","type":"node:rectangle","targetObjectId":"a925af5a-e833-4719-b02a-5b4837f05378","targetObjectKind":"siriusComponents://semantic?domain=sysml&entity=PartUsage","targetObjectLabel":"communication","descriptionId":"siriusComponents://nodeDescription?sourceKind=view&sourceId=74c5d045-51d7-359f-9634-611d0f1bef3d&sourceElementId=a77b4c6c-526d-3fe4-822b-de505f743123","borderNode":false,"modifiers":["Hidden"],"state":"Hidden","collapsingState":"EXPANDED","insideLabel":{"id":"e6250228-a196-371b-b87d-c4ee6489a11b","text":"parts","insideLabelLocation":"TOP_CENTER","style":{"color":"#000000","fontSize":12,"bold":false,"italic":true,"underline":false,"strikeThrough":false,"iconURL":[],"background":"transparent","borderColor":"black","borderSize":0,"borderRadius":3,"borderStyle":"Solid","maxWidth":null},"isHeader":true,"headerSeparatorDisplayMode":"NEVER","overflowStrategy":"NONE","textAlign":"CENTER"},"outsideLabels":[],"style":{"background":"transparent","borderColor":"#000000","borderSize":1,"borderRadius":0,"borderStyle":"Solid"},"childrenLayoutStrategy":{"kind":"FreeForm"},"borderNodes":[],"childNodes":[],"defaultWidth":125,"defaultHeight":150,"labelEditable":false,"pinned":false}],"defaultWidth":150,"defaultHeight":60,"labelEditable":true,"pinned":false},{"id":"32b5fac5-50f2-3bcd-bfb5-212a7d8f8e71","type":"node:rectangle","targetObjectId":"57e786d8-92b8-4526-8027-891d90fb6163","targetObjectKind":"siriusComponents://semantic?domain=sysml&entity=PartUsage","targetObjectLabel":"gps","descriptionId":"siriusComponents://nodeDescription?sourceKind=view&sourceId=74c5d045-51d7-359f-9634-611d0f1bef3d&sourceElementId=700133eb-7806-3dce-98d2-9ec37d212aaa","borderNode":false,"modifiers":[],"state":"Normal","collapsingState":"EXPANDED","insideLabel":{"id":"f730bdfb-0057-3359-990a-cfa4428c9fbf","text":"«part»\ngps : GPSModule","insideLabelLocation":"TOP_CENTER","style":{"color":"#000000","fontSize":14,"bold":false,"italic":false,"underline":false,"strikeThrough":false,"iconURL":["/icons/full/obj16/PartUsage.svg"],"background":"transparent","borderColor":"black","borderSize":0,"borderRadius":3,"borderStyle":"Solid","maxWidth":null},"isHeader":true,"headerSeparatorDisplayMode":"IF_CHILDREN","overflowStrategy":"NONE","textAlign":"CENTER"},"outsideLabels":[],"style":{"background":"#ffffff","borderColor":"#000000","borderSize":1,"borderRadius":10,"borderStyle":"Solid"},"childrenLayoutStrategy":{"areChildNodesDraggable":false,"topGap":0,"bottomGap":0,"growableNodeIds":["siriusComponents://nodeDescription?sourceKind=view&sourceId=74c5d045-51d7-359f-9634-611d0f1bef3d&sourceElementId=a77b4c6c-526d-3fe4-822b-de505f743123"],"kind":"List"},"borderNodes":[{"id":"d0939d6a-17ad-3873-8607-7335620a1056","type":"node:image","targetObjectId":"31fab7d7-8d74-4248-8c58-107d0a0310fe","targetObjectKind":"siriusComponents://semantic?domain=sysml&entity=PortUsage","targetObjectLabel":"satellites_data_in","descriptionId":"siriusComponents://nodeDescription?sourceKind=view&sourceId=74c5d045-51d7-359f-9634-611d0f1bef3d&sourceElementId=de70405c-a973-3bca-88a6-c6829548952d","borderNode":true,"modifiers":[],"state":"Normal","collapsingState":"EXPANDED","insideLabel":null,"outsideLabels":[{"id":"c096da7d-f0a1-33c0-a2fc-8ac23c4aa046","text":"satellites_data_in : ~DataOutPort","outsideLabelLocation":"BOTTOM_MIDDLE","style":{"color":"#000000","fontSize":12,"bold":false,"italic":false,"underline":false,"strikeThrough":false,"iconURL":[],"background":"transparent","borderColor":"black","borderSize":0,"borderRadius":3,"borderStyle":"Solid","maxWidth":null},"overflowStrategy":"NONE","textAlign":"LEFT"}],"style":{"imageURL":"/images/Feature_In.svg","scalingFactor":1,"borderColor":"#000000","borderSize":1,"borderRadius":0,"borderStyle":"Solid","positionDependentRotation":true},"childrenLayoutStrategy":null,"borderNodes":[],"childNodes":[],"defaultWidth":10,"defaultHeight":10,"labelEditable":true,"pinned":false},{"id":"3bec6a9c-cf4a-3626-a82e-1c1487daa49b","type":"node:image","targetObjectId":"9e843dbe-6c27-40b2-8cf7-779c094ba310","targetObjectKind":"siriusComponents://semantic?domain=sysml&entity=PortUsage","targetObjectLabel":"gps_data_out","descriptionId":"siriusComponents://nodeDescription?sourceKind=view&sourceId=74c5d045-51d7-359f-9634-611d0f1bef3d&sourceElementId=de70405c-a973-3bca-88a6-c6829548952d","borderNode":true,"modifiers":[],"state":"Normal","collapsingState":"EXPANDED","insideLabel":null,"outsideLabels":[{"id":"ec494dad-481b-391c-b82b-4821bc7fbec0","text":"gps_data_out : DataOutPort","outsideLabelLocation":"BOTTOM_MIDDLE","style":{"color":"#000000","fontSize":12,"bold":false,"italic":false,"underline":false,"strikeThrough":false,"iconURL":[],"background":"transparent","borderColor":"black","borderSize":0,"borderRadius":3,"borderStyle":"Solid","maxWidth":null},"overflowStrategy":"NONE","textAlign":"LEFT"}],"style":{"imageURL":"/images/Feature_Out.svg","scalingFactor":1,"borderColor":"#000000","borderSize":1,"borderRadius":0,"borderStyle":"Solid","positionDependentRotation":true},"childrenLayoutStrategy":null,"borderNodes":[],"childNodes":[],"defaultWidth":10,"defaultHeight":10,"labelEditable":true,"pinned":false},{"id":"0966cbd1-bc81-3782-87f5-bb3f53b98dc2","type":"node:image","targetObjectId":"fd040f79-b67c-4cee-9224-cb5132029691","targetObjectKind":"siriusComponents://semantic?domain=sysml&entity=PortUsage","targetObjectLabel":"power_in_gps","descriptionId":"siriusComponents://nodeDescription?sourceKind=view&sourceId=74c5d045-51d7-359f-9634-611d0f1bef3d&sourceElementId=de70405c-a973-3bca-88a6-c6829548952d","borderNode":true,"modifiers":[],"state":"Normal","collapsingState":"EXPANDED","insideLabel":null,"outsideLabels":[{"id":"a8abf442-c1b1-3812-a5ef-1ee9551191e3","text":"power_in_gps : ~PowerPort","outsideLabelLocation":"BOTTOM_MIDDLE","style":{"color":"#000000","fontSize":12,"bold":false,"italic":false,"underline":false,"strikeThrough":false,"iconURL":[],"background":"transparent","borderColor":"black","borderSize":0,"borderRadius":3,"borderStyle":"Solid","maxWidth":null},"overflowStrategy":"NONE","textAlign":"LEFT"}],"style":{"imageURL":"/images/Feature_In.svg","scalingFactor":1,"borderColor":"#000000","borderSize":1,"borderRadius":0,"borderStyle":"Solid","positionDependentRotation":true},"childrenLayoutStrategy":null,"borderNodes":[],"childNodes":[],"defaultWidth":10,"defaultHeight":10,"labelEditable":true,"pinned":false}],"childNodes":[{"id":"287f99d0-b69b-3021-b6a0-d99eb726c8a5","type":"node:rectangle","targetObjectId":"57e786d8-92b8-4526-8027-891d90fb6163","targetObjectKind":"siriusComponents://semantic?domain=sysml&entity=PartUsage","targetObjectLabel":"gps","descriptionId":"siriusComponents://nodeDescription?sourceKind=view&sourceId=74c5d045-51d7-359f-9634-611d0f1bef3d&sourceElementId=9f871f18-dbda-3798-8e28-094acfae6a2d","borderNode":false,"modifiers":["Hidden"],"state":"Hidden","collapsingState":"EXPANDED","insideLabel":{"id":"e14dfdb0-c427-370e-8b45-5b1a82d1a3ac","text":"doc","insideLabelLocation":"TOP_CENTER","style":{"color":"#000000","fontSize":12,"bold":false,"italic":true,"underline":false,"strikeThrough":false,"iconURL":[],"background":"transparent","borderColor":"black","borderSize":0,"borderRadius":3,"borderStyle":"Solid","maxWidth":null},"isHeader":true,"headerSeparatorDisplayMode":"NEVER","overflowStrategy":"NONE","textAlign":"CENTER"},"outsideLabels":[],"style":{"background":"transparent","borderColor":"#000000","borderSize":1,"borderRadius":0,"borderStyle":"Solid"},"childrenLayoutStrategy":{"areChildNodesDraggable":true,"topGap":0,"bottomGap":10,"growableNodeIds":[],"kind":"List"},"borderNodes":[],"childNodes":[],"defaultWidth":125,"defaultHeight":60,"labelEditable":false,"pinned":false},{"id":"701595f5-570e-3904-b5bf-8e77f92e0b8b","type":"node:rectangle","targetObjectId":"57e786d8-92b8-4526-8027-891d90fb6163","targetObjectKind":"siriusComponents://semantic?domain=sysml&entity=PartUsage","targetObjectLabel":"gps","descriptionId":"siriusComponents://nodeDescription?sourceKind=view&sourceId=74c5d045-51d7-359f-9634-611d0f1bef3d&sourceElementId=85d2283f-c727-34f0-ba1b-695e544d15a7","borderNode":false,"modifiers":["Hidden"],"state":"Hidden","collapsingState":"EXPANDED","insideLabel":{"id":"f5109172-7bf2-3f37-a50a-656245f84ce3","text":"attributes","insideLabelLocation":"TOP_CENTER","style":{"color":"#000000","fontSize":12,"bold":false,"italic":true,"underline":false,"strikeThrough":false,"iconURL":[],"background":"transparent","borderColor":"black","borderSize":0,"borderRadius":3,"borderStyle":"Solid","maxWidth":null},"isHeader":true,"headerSeparatorDisplayMode":"NEVER","overflowStrategy":"NONE","textAlign":"CENTER"},"outsideLabels":[],"style":{"background":"transparent","borderColor":"#000000","borderSize":1,"borderRadius":0,"borderStyle":"Solid"},"childrenLayoutStrategy":{"areChildNodesDraggable":true,"topGap":0,"bottomGap":10,"growableNodeIds":[],"kind":"List"},"borderNodes":[],"childNodes":[],"defaultWidth":125,"defaultHeight":60,"labelEditable":false,"pinned":false},{"id":"1f1a74b6-4e4a-3977-ba62-6b2e2d58667a","type":"node:rectangle","targetObjectId":"57e786d8-92b8-4526-8027-891d90fb6163","targetObjectKind":"siriusComponents://semantic?domain=sysml&entity=PartUsage","targetObjectLabel":"gps","descriptionId":"siriusComponents://nodeDescription?sourceKind=view&sourceId=74c5d045-51d7-359f-9634-611d0f1bef3d&sourceElementId=a77b4c6c-526d-3fe4-822b-de505f743123","borderNode":false,"modifiers":["Hidden"],"state":"Hidden","collapsingState":"EXPANDED","insideLabel":{"id":"e63df553-292c-3faa-b94d-af103a7c79f5","text":"parts","insideLabelLocation":"TOP_CENTER","style":{"color":"#000000","fontSize":12,"bold":false,"italic":true,"underline":false,"strikeThrough":false,"iconURL":[],"background":"transparent","borderColor":"black","borderSize":0,"borderRadius":3,"borderStyle":"Solid","maxWidth":null},"isHeader":true,"headerSeparatorDisplayMode":"NEVER","overflowStrategy":"NONE","textAlign":"CENTER"},"outsideLabels":[],"style":{"background":"transparent","borderColor":"#000000","borderSize":1,"borderRadius":0,"borderStyle":"Solid"},"childrenLayoutStrategy":{"kind":"FreeForm"},"borderNodes":[],"childNodes":[],"defaultWidth":125,"defaultHeight":150,"labelEditable":false,"pinned":false}],"defaultWidth":150,"defaultHeight":60,"labelEditable":true,"pinned":false},{"id":"e8a4498d-ab77-30b1-bae9-ab544c8055dc","type":"node:rectangle","targetObjectId":"211b0729-dbfa-476c-afbc-fb316fe43eea","targetObjectKind":"siriusComponents://semantic?domain=sysml&entity=PartUsage","targetObjectLabel":"led_light","descriptionId":"siriusComponents://nodeDescription?sourceKind=view&sourceId=74c5d045-51d7-359f-9634-611d0f1bef3d&sourceElementId=700133eb-7806-3dce-98d2-9ec37d212aaa","borderNode":false,"modifiers":[],"state":"Normal","collapsingState":"EXPANDED","insideLabel":{"id":"554327b0-3921-338e-a143-5923f98aa838","text":"«part»\nled_light : LEDLightModule","insideLabelLocation":"TOP_CENTER","style":{"color":"#000000","fontSize":14,"bold":false,"italic":false,"underline":false,"strikeThrough":false,"iconURL":["/icons/full/obj16/PartUsage.svg"],"background":"transparent","borderColor":"black","borderSize":0,"borderRadius":3,"borderStyle":"Solid","maxWidth":null},"isHeader":true,"headerSeparatorDisplayMode":"IF_CHILDREN","overflowStrategy":"NONE","textAlign":"CENTER"},"outsideLabels":[],"style":{"background":"#ffffff","borderColor":"#000000","borderSize":1,"borderRadius":10,"borderStyle":"Solid"},"childrenLayoutStrategy":{"areChildNodesDraggable":false,"topGap":0,"bottomGap":0,"growableNodeIds":["siriusComponents://nodeDescription?sourceKind=view&sourceId=74c5d045-51d7-359f-9634-611d0f1bef3d&sourceElementId=a77b4c6c-526d-3fe4-822b-de505f743123"],"kind":"List"},"borderNodes":[{"id":"d0f6d1f4-4cfb-33d9-984e-6504a16c4539","type":"node:image","targetObjectId":"cd906fad-208d-4d0f-abd6-a4cc59394248","targetObjectKind":"siriusComponents://semantic?domain=sysml&entity=PortUsage","targetObjectLabel":"power_in_led","descriptionId":"siriusComponents://nodeDescription?sourceKind=view&sourceId=74c5d045-51d7-359f-9634-611d0f1bef3d&sourceElementId=de70405c-a973-3bca-88a6-c6829548952d","borderNode":true,"modifiers":[],"state":"Normal","collapsingState":"EXPANDED","insideLabel":null,"outsideLabels":[{"id":"66543784-4c0c-36a6-af5a-f4d6fc4d62d9","text":"power_in_led : ~PowerPort","outsideLabelLocation":"BOTTOM_MIDDLE","style":{"color":"#000000","fontSize":12,"bold":false,"italic":false,"underline":false,"strikeThrough":false,"iconURL":[],"background":"transparent","borderColor":"black","borderSize":0,"borderRadius":3,"borderStyle":"Solid","maxWidth":null},"overflowStrategy":"NONE","textAlign":"LEFT"}],"style":{"imageURL":"/images/Feature_In.svg","scalingFactor":1,"borderColor":"#000000","borderSize":1,"borderRadius":0,"borderStyle":"Solid","positionDependentRotation":true},"childrenLayoutStrategy":null,"borderNodes":[],"childNodes":[],"defaultWidth":10,"defaultHeight":10,"labelEditable":true,"pinned":false},{"id":"5acf253a-18a7-3832-988c-5c6837da2c97","type":"node:image","targetObjectId":"05e1e44d-c921-45a6-bf78-fb723aaf33bf","targetObjectKind":"siriusComponents://semantic?domain=sysml&entity=PortUsage","targetObjectLabel":"light_control_in","descriptionId":"siriusComponents://nodeDescription?sourceKind=view&sourceId=74c5d045-51d7-359f-9634-611d0f1bef3d&sourceElementId=de70405c-a973-3bca-88a6-c6829548952d","borderNode":true,"modifiers":[],"state":"Normal","collapsingState":"EXPANDED","insideLabel":null,"outsideLabels":[{"id":"bc776c44-4fc7-33fb-9366-eddd7c146e75","text":"light_control_in : ~DataOutPort","outsideLabelLocation":"BOTTOM_MIDDLE","style":{"color":"#000000","fontSize":12,"bold":false,"italic":false,"underline":false,"strikeThrough":false,"iconURL":[],"background":"transparent","borderColor":"black","borderSize":0,"borderRadius":3,"borderStyle":"Solid","maxWidth":null},"overflowStrategy":"NONE","textAlign":"LEFT"}],"style":{"imageURL":"/images/Feature_In.svg","scalingFactor":1,"borderColor":"#000000","borderSize":1,"borderRadius":0,"borderStyle":"Solid","positionDependentRotation":true},"childrenLayoutStrategy":null,"borderNodes":[],"childNodes":[],"defaultWidth":10,"defaultHeight":10,"labelEditable":true,"pinned":false},{"id":"4344f60a-67d4-3483-bbaf-c0064a86438e","type":"node:image","targetObjectId":"8125f237-7e8d-49fb-9531-4c8f917e3928","targetObjectKind":"siriusComponents://semantic?domain=sysml&entity=PortUsage","targetObjectLabel":"led_status_out","descriptionId":"siriusComponents://nodeDescription?sourceKind=view&sourceId=74c5d045-51d7-359f-9634-611d0f1bef3d&sourceElementId=de70405c-a973-3bca-88a6-c6829548952d","borderNode":true,"modifiers":[],"state":"Normal","collapsingState":"EXPANDED","insideLabel":null,"outsideLabels":[{"id":"2cefb058-6342-389c-be90-0960dab21b1d","text":"led_status_out : DataOutPort","outsideLabelLocation":"BOTTOM_MIDDLE","style":{"color":"#000000","fontSize":12,"bold":false,"italic":false,"underline":false,"strikeThrough":false,"iconURL":[],"background":"transparent","borderColor":"black","borderSize":0,"borderRadius":3,"borderStyle":"Solid","maxWidth":null},"overflowStrategy":"NONE","textAlign":"LEFT"}],"style":{"imageURL":"/images/Feature_Out.svg","scalingFactor":1,"borderColor":"#000000","borderSize":1,"borderRadius":0,"borderStyle":"Solid","positionDependentRotation":true},"childrenLayoutStrategy":null,"borderNodes":[],"childNodes":[],"defaultWidth":10,"defaultHeight":10,"labelEditable":true,"pinned":false}],"childNodes":[{"id":"45b02a9b-cc72-369a-8614-e2b12077977e","type":"node:rectangle","targetObjectId":"211b0729-dbfa-476c-afbc-fb316fe43eea","targetObjectKind":"siriusComponents://semantic?domain=sysml&entity=PartUsage","targetObjectLabel":"led_light","descriptionId":"siriusComponents://nodeDescription?sourceKind=view&sourceId=74c5d045-51d7-359f-9634-611d0f1bef3d&sourceElementId=9f871f18-dbda-3798-8e28-094acfae6a2d","borderNode":false,"modifiers":["Hidden"],"state":"Hidden","collapsingState":"EXPANDED","insideLabel":{"id":"4cf8cbc7-e9e6-36a8-b983-566beb6af20b","text":"doc","insideLabelLocation":"TOP_CENTER","style":{"color":"#000000","fontSize":12,"bold":false,"italic":true,"underline":false,"strikeThrough":false,"iconURL":[],"background":"transparent","borderColor":"black","borderSize":0,"borderRadius":3,"borderStyle":"Solid","maxWidth":null},"isHeader":true,"headerSeparatorDisplayMode":"NEVER","overflowStrategy":"NONE","textAlign":"CENTER"},"outsideLabels":[],"style":{"background":"transparent","borderColor":"#000000","borderSize":1,"borderRadius":0,"borderStyle":"Solid"},"childrenLayoutStrategy":{"areChildNodesDraggable":true,"topGap":0,"bottomGap":10,"growableNodeIds":[],"kind":"List"},"borderNodes":[],"childNodes":[],"defaultWidth":125,"defaultHeight":60,"labelEditable":false,"pinned":false},{"id":"a1ade0cb-0f00-3204-a524-57847ddbd1dc","type":"node:rectangle","targetObjectId":"211b0729-dbfa-476c-afbc-fb316fe43eea","targetObjectKind":"siriusComponents://semantic?domain=sysml&entity=PartUsage","targetObjectLabel":"led_light","descriptionId":"siriusComponents://nodeDescription?sourceKind=view&sourceId=74c5d045-51d7-359f-9634-611d0f1bef3d&sourceElementId=85d2283f-c727-34f0-ba1b-695e544d15a7","borderNode":false,"modifiers":["Hidden"],"state":"Hidden","collapsingState":"EXPANDED","insideLabel":{"id":"7266ff4f-9536-3a7b-a6fa-4d47ef7898ec","text":"attributes","insideLabelLocation":"TOP_CENTER","style":{"color":"#000000","fontSize":12,"bold":false,"italic":true,"underline":false,"strikeThrough":false,"iconURL":[],"background":"transparent","borderColor":"black","borderSize":0,"borderRadius":3,"borderStyle":"Solid","maxWidth":null},"isHeader":true,"headerSeparatorDisplayMode":"NEVER","overflowStrategy":"NONE","textAlign":"CENTER"},"outsideLabels":[],"style":{"background":"transparent","borderColor":"#000000","borderSize":1,"borderRadius":0,"borderStyle":"Solid"},"childrenLayoutStrategy":{"areChildNodesDraggable":true,"topGap":0,"bottomGap":10,"growableNodeIds":[],"kind":"List"},"borderNodes":[],"childNodes":[],"defaultWidth":125,"defaultHeight":60,"labelEditable":false,"pinned":false},{"id":"6a7155aa-e7fe-3f07-a607-826e02a361ac","type":"node:rectangle","targetObjectId":"211b0729-dbfa-476c-afbc-fb316fe43eea","targetObjectKind":"siriusComponents://semantic?domain=sysml&entity=PartUsage","targetObjectLabel":"led_light","descriptionId":"siriusComponents://nodeDescription?sourceKind=view&sourceId=74c5d045-51d7-359f-9634-611d0f1bef3d&sourceElementId=a77b4c6c-526d-3fe4-822b-de505f743123","borderNode":false,"modifiers":["Hidden"],"state":"Hidden","collapsingState":"EXPANDED","insideLabel":{"id":"75d665eb-85ba-3267-8d97-cb40d618d383","text":"parts","insideLabelLocation":"TOP_CENTER","style":{"color":"#000000","fontSize":12,"bold":false,"italic":true,"underline":false,"strikeThrough":false,"iconURL":[],"background":"transparent","borderColor":"black","borderSize":0,"borderRadius":3,"borderStyle":"Solid","maxWidth":null},"isHeader":true,"headerSeparatorDisplayMode":"NEVER","overflowStrategy":"NONE","textAlign":"CENTER"},"outsideLabels":[],"style":{"background":"transparent","borderColor":"#000000","borderSize":1,"borderRadius":0,"borderStyle":"Solid"},"childrenLayoutStrategy":{"kind":"FreeForm"},"borderNodes":[],"childNodes":[],"defaultWidth":125,"defaultHeight":150,"labelEditable":false,"pinned":false}],"defaultWidth":150,"defaultHeight":60,"labelEditable":true,"pinned":false}],"defaultWidth":700,"defaultHeight":400,"labelEditable":true,"pinned":false}],"edges":[{"id":"e4dcaa10-495a-3081-aa9f-73940e2cd965","type":"edge:straight","targetObjectId":"e0dd3733-7bb2-423d-9c08-663684cb2f8a","targetObjectKind":"siriusComponents://semantic?domain=sysml&entity=InterfaceUsage","targetObjectLabel":"","descriptionId":"siriusComponents://edgeDescription?sourceKind=view&sourceId=74c5d045-51d7-359f-9634-611d0f1bef3d&sourceElementId=7db99014-f420-3870-a82d-e89fe629a555","beginLabel":null,"centerLabel":{"id":"3f29e613-92a7-3e2b-89f8-a2ae27d7e573","type":"label:edge-center","text":"","style":{"color":"#000000","fontSize":14,"bold":false,"italic":false,"underline":false,"strikeThrough":false,"iconURL":[],"background":"transparent","borderColor":"black","borderSize":0,"borderRadius":3,"borderStyle":"Solid","maxWidth":null}},"endLabel":null,"sourceId":"c6d23f35-c9e1-3e08-b726-07cb0cc7f6bb","targetId":"f12c15ee-d5f1-3c3f-98f3-2089b6019b32","modifiers":[],"state":"Normal","style":{"size":1,"lineStyle":"Solid","sourceArrow":"None","targetArrow":"None","color":"#000000"},"centerLabelEditable":true},{"id":"a278be0b-4fee-369d-9fd1-1a18c126bf6d","type":"edge:straight","targetObjectId":"1e27af63-0119-40a6-88ec-4b478b07d2c9","targetObjectKind":"siriusComponents://semantic?domain=sysml&entity=InterfaceUsage","targetObjectLabel":"","descriptionId":"siriusComponents://edgeDescription?sourceKind=view&sourceId=74c5d045-51d7-359f-9634-611d0f1bef3d&sourceElementId=7db99014-f420-3870-a82d-e89fe629a555","beginLabel":null,"centerLabel":{"id":"325c7746-f023-3eb7-beb4-0e97e23d97d9","type":"label:edge-center","text":"","style":{"color":"#000000","fontSize":14,"bold":false,"italic":false,"underline":false,"strikeThrough":false,"iconURL":[],"background":"transparent","borderColor":"black","borderSize":0,"borderRadius":3,"borderStyle":"Solid","maxWidth":null}},"endLabel":null,"sourceId":"6bc8484e-9664-34e1-b1a2-a13141215ff1","targetId":"225de14d-5c08-3730-be83-9c3c81fbc971","modifiers":[],"state":"Normal","style":{"size":1,"lineStyle":"Solid","sourceArrow":"None","targetArrow":"None","color":"#000000"},"centerLabelEditable":true},{"id":"0859e643-1cc0-3cb6-a02e-ab6b9fb79e5b","type":"edge:straight","targetObjectId":"4a3ffb3b-0977-4e11-8b7d-4283526eabcf","targetObjectKind":"siriusComponents://semantic?domain=sysml&entity=InterfaceUsage","targetObjectLabel":"motor_control_interface","descriptionId":"siriusComponents://edgeDescription?sourceKind=view&sourceId=74c5d045-51d7-359f-9634-611d0f1bef3d&sourceElementId=7db99014-f420-3870-a82d-e89fe629a555","beginLabel":null,"centerLabel":{"id":"7024df53-0675-3352-a95e-98d749c52c33","type":"label:edge-center","text":"motor_control_interface : Data1FlowInterface","style":{"color":"#000000","fontSize":14,"bold":false,"italic":false,"underline":false,"strikeThrough":false,"iconURL":[],"background":"transparent","borderColor":"black","borderSize":0,"borderRadius":3,"borderStyle":"Solid","maxWidth":null}},"endLabel":null,"sourceId":"788112ef-3899-30e2-be5f-22de2a931e7a","targetId":"63e775a5-1cbb-3c0e-895d-03f1befbe204","modifiers":[],"state":"Normal","style":{"size":1,"lineStyle":"Solid","sourceArrow":"None","targetArrow":"None","color":"#000000"},"centerLabelEditable":true},{"id":"85aa5208-49fd-3eaa-8e46-a6a5daaed005","type":"edge:straight","targetObjectId":"400c69a0-9825-403c-a9bb-64b9a8653d2d","targetObjectKind":"siriusComponents://semantic?domain=sysml&entity=InterfaceUsage","targetObjectLabel":"controller_powersupply_interface","descriptionId":"siriusComponents://edgeDescription?sourceKind=view&sourceId=74c5d045-51d7-359f-9634-611d0f1bef3d&sourceElementId=7db99014-f420-3870-a82d-e89fe629a555","beginLabel":null,"centerLabel":{"id":"8393716c-dc5c-3c81-9aff-2770245275b9","type":"label:edge-center","text":"controller_powersupply_interface : PowerInterface","style":{"color":"#000000","fontSize":14,"bold":false,"italic":false,"underline":false,"strikeThrough":false,"iconURL":[],"background":"transparent","borderColor":"black","borderSize":0,"borderRadius":3,"borderStyle":"Solid","maxWidth":null}},"endLabel":null,"sourceId":"d0e8c132-656f-3551-804a-f89b0df2a3c4","targetId":"6bc8484e-9664-34e1-b1a2-a13141215ff1","modifiers":[],"state":"Normal","style":{"size":1,"lineStyle":"Solid","sourceArrow":"None","targetArrow":"None","color":"#000000"},"centerLabelEditable":true},{"id":"56b8350e-408b-3ef0-a683-aa9f9272abcc","type":"edge:straight","targetObjectId":"3f88b637-42ea-4922-9265-ac68c525e4fd","targetObjectKind":"siriusComponents://semantic?domain=sysml&entity=InterfaceUsage","targetObjectLabel":"","descriptionId":"siriusComponents://edgeDescription?sourceKind=view&sourceId=74c5d045-51d7-359f-9634-611d0f1bef3d&sourceElementId=7db99014-f420-3870-a82d-e89fe629a555","beginLabel":null,"centerLabel":{"id":"41b9bf51-3027-3e7e-85db-ff8536f9a1b0","type":"label:edge-center","text":"","style":{"color":"#000000","fontSize":14,"bold":false,"italic":false,"underline":false,"strikeThrough":false,"iconURL":[],"background":"transparent","borderColor":"black","borderSize":0,"borderRadius":3,"borderStyle":"Solid","maxWidth":null}},"endLabel":null,"sourceId":"c5c08109-7a26-3905-94be-72162c24e675","targetId":"d0939d6a-17ad-3873-8607-7335620a1056","modifiers":[],"state":"Normal","style":{"size":1,"lineStyle":"Solid","sourceArrow":"None","targetArrow":"None","color":"#000000"},"centerLabelEditable":true},{"id":"96966661-45b0-3def-a7fb-00964a370528","type":"edge:straight","targetObjectId":"51b83072-72b1-4078-b8ed-bd47053fde55","targetObjectKind":"siriusComponents://semantic?domain=sysml&entity=InterfaceUsage","targetObjectLabel":"gps_interface","descriptionId":"siriusComponents://edgeDescription?sourceKind=view&sourceId=74c5d045-51d7-359f-9634-611d0f1bef3d&sourceElementId=7db99014-f420-3870-a82d-e89fe629a555","beginLabel":null,"centerLabel":{"id":"ea731263-251a-3a8e-8d75-e8bafba0d173","type":"label:edge-center","text":"gps_interface : Data1FlowInterface","style":{"color":"#000000","fontSize":14,"bold":false,"italic":false,"underline":false,"strikeThrough":false,"iconURL":[],"background":"transparent","borderColor":"black","borderSize":0,"borderRadius":3,"borderStyle":"Solid","maxWidth":null}},"endLabel":null,"sourceId":"3bec6a9c-cf4a-3626-a82e-1c1487daa49b","targetId":"6782aed8-046e-3b1f-a3db-36dc337824f9","modifiers":[],"state":"Normal","style":{"size":1,"lineStyle":"Solid","sourceArrow":"None","targetArrow":"None","color":"#000000"},"centerLabelEditable":true},{"id":"b4291c77-ac68-395f-be47-983f2adb97e0","type":"edge:straight","targetObjectId":"45c52a59-14d8-440e-a988-049bc9298f8a","targetObjectKind":"siriusComponents://semantic?domain=sysml&entity=InterfaceUsage","targetObjectLabel":"","descriptionId":"siriusComponents://edgeDescription?sourceKind=view&sourceId=74c5d045-51d7-359f-9634-611d0f1bef3d&sourceElementId=7db99014-f420-3870-a82d-e89fe629a555","beginLabel":null,"centerLabel":{"id":"03c1ab82-1fd7-37aa-84ec-85694e8df9ec","type":"label:edge-center","text":"","style":{"color":"#000000","fontSize":14,"bold":false,"italic":false,"underline":false,"strikeThrough":false,"iconURL":[],"background":"transparent","borderColor":"black","borderSize":0,"borderRadius":3,"borderStyle":"Solid","maxWidth":null}},"endLabel":null,"sourceId":"2f575fad-f161-3d0e-9b20-52993c056499","targetId":"2d26f21b-8daa-37bd-a4ad-a49bbd83093f","modifiers":[],"state":"Normal","style":{"size":1,"lineStyle":"Solid","sourceArrow":"None","targetArrow":"None","color":"#000000"},"centerLabelEditable":true},{"id":"b6be9be1-d68a-31b9-b786-fac0637fd60d","type":"edge:straight","targetObjectId":"25622b9b-daf2-4e94-9430-bdfb24791e6c","targetObjectKind":"siriusComponents://semantic?domain=sysml&entity=InterfaceUsage","targetObjectLabel":"led_powersupply_interface","descriptionId":"siriusComponents://edgeDescription?sourceKind=view&sourceId=74c5d045-51d7-359f-9634-611d0f1bef3d&sourceElementId=7db99014-f420-3870-a82d-e89fe629a555","beginLabel":null,"centerLabel":{"id":"86a079e5-390d-3c6b-8d65-8331ce99cc35","type":"label:edge-center","text":"led_powersupply_interface : PowerInterface","style":{"color":"#000000","fontSize":14,"bold":false,"italic":false,"underline":false,"strikeThrough":false,"iconURL":[],"background":"transparent","borderColor":"black","borderSize":0,"borderRadius":3,"borderStyle":"Solid","maxWidth":null}},"endLabel":null,"sourceId":"d0f6d1f4-4cfb-33d9-984e-6504a16c4539","targetId":"6bc8484e-9664-34e1-b1a2-a13141215ff1","modifiers":[],"state":"Normal","style":{"size":1,"lineStyle":"Solid","sourceArrow":"None","targetArrow":"None","color":"#000000"},"centerLabelEditable":true},{"id":"02ffcd33-4f61-362d-ba82-ec47db272fc1","type":"edge:straight","targetObjectId":"9c7379d2-83ad-4e4e-b0d5-4b84c807ee03","targetObjectKind":"siriusComponents://semantic?domain=sysml&entity=InterfaceUsage","targetObjectLabel":"light_control_interface","descriptionId":"siriusComponents://edgeDescription?sourceKind=view&sourceId=74c5d045-51d7-359f-9634-611d0f1bef3d&sourceElementId=7db99014-f420-3870-a82d-e89fe629a555","beginLabel":null,"centerLabel":{"id":"534a86c6-566f-32ea-9561-95913a644a3a","type":"label:edge-center","text":"light_control_interface : Data1FlowInterface","style":{"color":"#000000","fontSize":14,"bold":false,"italic":false,"underline":false,"strikeThrough":false,"iconURL":[],"background":"transparent","borderColor":"black","borderSize":0,"borderRadius":3,"borderStyle":"Solid","maxWidth":null}},"endLabel":null,"sourceId":"5acf253a-18a7-3832-988c-5c6837da2c97","targetId":"1d8c9eb8-f91b-391d-a561-1d551439fd71","modifiers":[],"state":"Normal","style":{"size":1,"lineStyle":"Solid","sourceArrow":"None","targetArrow":"None","color":"#000000"},"centerLabelEditable":true},{"id":"8e3e9a1c-c01c-3107-850a-e802614e4ed2","type":"edge:straight","targetObjectId":"632e3a55-09bf-48b7-9f65-49a6522dccaa","targetObjectKind":"siriusComponents://semantic?domain=sysml&entity=InterfaceUsage","targetObjectLabel":"gps_powersupply_interface","descriptionId":"siriusComponents://edgeDescription?sourceKind=view&sourceId=74c5d045-51d7-359f-9634-611d0f1bef3d&sourceElementId=7db99014-f420-3870-a82d-e89fe629a555","beginLabel":null,"centerLabel":{"id":"f56f686d-df31-34c0-9106-fd032a634ca9","type":"label:edge-center","text":"gps_powersupply_interface : PowerInterface","style":{"color":"#000000","fontSize":14,"bold":false,"italic":false,"underline":false,"strikeThrough":false,"iconURL":[],"background":"transparent","borderColor":"black","borderSize":0,"borderRadius":3,"borderStyle":"Solid","maxWidth":null}},"endLabel":null,"sourceId":"0966cbd1-bc81-3782-87f5-bb3f53b98dc2","targetId":"6bc8484e-9664-34e1-b1a2-a13141215ff1","modifiers":[],"state":"Normal","style":{"size":1,"lineStyle":"Solid","sourceArrow":"None","targetArrow":"None","color":"#000000"},"centerLabelEditable":true},{"id":"f24a3946-e0fc-3250-b8cb-90c3c824e80d","type":"edge:straight","targetObjectId":"adde2aa0-6fc4-445e-b306-2be895fe1c9c","targetObjectKind":"siriusComponents://semantic?domain=sysml&entity=InterfaceUsage","targetObjectLabel":"comm_powersupply_interface","descriptionId":"siriusComponents://edgeDescription?sourceKind=view&sourceId=74c5d045-51d7-359f-9634-611d0f1bef3d&sourceElementId=7db99014-f420-3870-a82d-e89fe629a555","beginLabel":null,"centerLabel":{"id":"ceb4479c-16c7-312f-ad77-d7f3079abf8a","type":"label:edge-center","text":"comm_powersupply_interface : PowerInterface","style":{"color":"#000000","fontSize":14,"bold":false,"italic":false,"underline":false,"strikeThrough":false,"iconURL":[],"background":"transparent","borderColor":"black","borderSize":0,"borderRadius":3,"borderStyle":"Solid","maxWidth":null}},"endLabel":null,"sourceId":"17ae6b8b-01f0-34c9-9cf0-f028cc1a38c9","targetId":"6bc8484e-9664-34e1-b1a2-a13141215ff1","modifiers":[],"state":"Normal","style":{"size":1,"lineStyle":"Solid","sourceArrow":"None","targetArrow":"None","color":"#000000"},"centerLabelEditable":true},{"id":"b27aae92-2589-3283-a447-b16cf04e3325","type":"edge:straight","targetObjectId":"e6eebe76-d517-46bc-a975-0e98c594502f","targetObjectKind":"siriusComponents://semantic?domain=sysml&entity=InterfaceUsage","targetObjectLabel":"","descriptionId":"siriusComponents://edgeDescription?sourceKind=view&sourceId=74c5d045-51d7-359f-9634-611d0f1bef3d&sourceElementId=7db99014-f420-3870-a82d-e89fe629a555","beginLabel":null,"centerLabel":{"id":"8c5bfec9-b153-345e-8fe8-0811932af0aa","type":"label:edge-center","text":"","style":{"color":"#000000","fontSize":14,"bold":false,"italic":false,"underline":false,"strikeThrough":false,"iconURL":[],"background":"transparent","borderColor":"black","borderSize":0,"borderRadius":3,"borderStyle":"Solid","maxWidth":null}},"endLabel":null,"sourceId":"26a0bed5-c696-30f0-9e26-f525bab9d638","targetId":"9de1c055-c76d-3159-9aba-621fd3161f84","modifiers":[],"state":"Normal","style":{"size":1,"lineStyle":"Solid","sourceArrow":"None","targetArrow":"None","color":"#000000"},"centerLabelEditable":true},{"id":"5cef1720-19b8-3bfa-99b1-ce987b5cd845","type":"edge:straight","targetObjectId":"f6385c5c-d327-4174-b38c-d255decea7b7","targetObjectKind":"siriusComponents://semantic?domain=sysml&entity=InterfaceUsage","targetObjectLabel":"","descriptionId":"siriusComponents://edgeDescription?sourceKind=view&sourceId=74c5d045-51d7-359f-9634-611d0f1bef3d&sourceElementId=7db99014-f420-3870-a82d-e89fe629a555","beginLabel":null,"centerLabel":{"id":"459ed22a-a516-349b-b723-b5bc6563acc4","type":"label:edge-center","text":"","style":{"color":"#000000","fontSize":14,"bold":false,"italic":false,"underline":false,"strikeThrough":false,"iconURL":[],"background":"transparent","borderColor":"black","borderSize":0,"borderRadius":3,"borderStyle":"Solid","maxWidth":null}},"endLabel":null,"sourceId":"95530e2f-66b4-3c4c-91f8-7a7dabce37e0","targetId":"2fd742ca-b812-3010-9bd6-1e350b825680","modifiers":[],"state":"Normal","style":{"size":1,"lineStyle":"Solid","sourceArrow":"None","targetArrow":"None","color":"#000000"},"centerLabelEditable":true},{"id":"a77d89fd-8b4f-373b-8f82-f55768d89fcb","type":"edge:straight","targetObjectId":"5b5aef46-68d3-4fa4-a464-c54b3d783f21","targetObjectKind":"siriusComponents://semantic?domain=sysml&entity=InterfaceUsage","targetObjectLabel":"battery_status_interface","descriptionId":"siriusComponents://edgeDescription?sourceKind=view&sourceId=74c5d045-51d7-359f-9634-611d0f1bef3d&sourceElementId=7db99014-f420-3870-a82d-e89fe629a555","beginLabel":null,"centerLabel":{"id":"ebb1d89b-0bb2-39d2-ab9d-b6342cec282d","type":"label:edge-center","text":"battery_status_interface : Data1FlowInterface","style":{"color":"#000000","fontSize":14,"bold":false,"italic":false,"underline":false,"strikeThrough":false,"iconURL":[],"background":"transparent","borderColor":"black","borderSize":0,"borderRadius":3,"borderStyle":"Solid","maxWidth":null}},"endLabel":null,"sourceId":"11156ba3-3092-33c2-89d0-01eba1528579","targetId":"fa77aa39-17b0-3e21-8dd1-3b910becee12","modifiers":[],"state":"Normal","style":{"size":1,"lineStyle":"Solid","sourceArrow":"None","targetArrow":"None","color":"#000000"},"centerLabelEditable":true},{"id":"b0f56ffe-99ae-3f17-a4c3-4ce82c74e9aa","type":"edge:straight","targetObjectId":"c8b5389b-2f94-4bf0-9515-1bcc25e2b617","targetObjectKind":"siriusComponents://semantic?domain=sysml&entity=InterfaceUsage","targetObjectLabel":"led_status_interface","descriptionId":"siriusComponents://edgeDescription?sourceKind=view&sourceId=74c5d045-51d7-359f-9634-611d0f1bef3d&sourceElementId=7db99014-f420-3870-a82d-e89fe629a555","beginLabel":null,"centerLabel":{"id":"8b60070e-fb54-3c61-9b1e-0e0431bbfb15","type":"label:edge-center","text":"led_status_interface : Data1FlowInterface","style":{"color":"#000000","fontSize":14,"bold":false,"italic":false,"underline":false,"strikeThrough":false,"iconURL":[],"background":"transparent","borderColor":"black","borderSize":0,"borderRadius":3,"borderStyle":"Solid","maxWidth":null}},"endLabel":null,"sourceId":"4344f60a-67d4-3483-bbaf-c0064a86438e","targetId":"fa77aa39-17b0-3e21-8dd1-3b910becee12","modifiers":[],"state":"Normal","style":{"size":1,"lineStyle":"Solid","sourceArrow":"None","targetArrow":"None","color":"#000000"},"centerLabelEditable":true},{"id":"91f535fd-cb03-3d46-b00d-efd941dbb136","type":"edge:straight","targetObjectId":"9dabb103-1619-4a02-bd3e-553c32019961","targetObjectKind":"siriusComponents://semantic?domain=sysml&entity=InterfaceUsage","targetObjectLabel":"motor_status_interface","descriptionId":"siriusComponents://edgeDescription?sourceKind=view&sourceId=74c5d045-51d7-359f-9634-611d0f1bef3d&sourceElementId=7db99014-f420-3870-a82d-e89fe629a555","beginLabel":null,"centerLabel":{"id":"1d32d850-2065-32e1-950e-4ba7a06ff5e4","type":"label:edge-center","text":"motor_status_interface : Data1FlowInterface","style":{"color":"#000000","fontSize":14,"bold":false,"italic":false,"underline":false,"strikeThrough":false,"iconURL":[],"background":"transparent","borderColor":"black","borderSize":0,"borderRadius":3,"borderStyle":"Solid","maxWidth":null}},"endLabel":null,"sourceId":"bae81f27-8f1e-3832-bde7-f0e95d68a86a","targetId":"fa77aa39-17b0-3e21-8dd1-3b910becee12","modifiers":[],"state":"Normal","style":{"size":1,"lineStyle":"Solid","sourceArrow":"None","targetArrow":"None","color":"#000000"},"centerLabelEditable":true}],"layoutData":{"nodeLayoutData":{"f12c15ee-d5f1-3c3f-98f3-2089b6019b32":{"id":"f12c15ee-d5f1-3c3f-98f3-2089b6019b32","position":{"x":-11.0,"y":22.0},"size":{"width":16.0,"height":16.0},"resizedByUser":false},"9de1c055-c76d-3159-9aba-621fd3161f84":{"id":"9de1c055-c76d-3159-9aba-621fd3161f84","position":{"x":324.0,"y":21.01019544264844},"size":{"width":16.0,"height":16.0},"resizedByUser":false},"c8541f2f-9c7f-31da-902c-a422c111add0":{"id":"c8541f2f-9c7f-31da-902c-a422c111add0","position":{"x":177.4140687548828,"y":65.30555725097659},"size":{"width":162.9375,"height":60.0},"resizedByUser":false},"788112ef-3899-30e2-be5f-22de2a931e7a":{"id":"788112ef-3899-30e2-be5f-22de2a931e7a","position":{"x":92.46679687499977,"y":-11.0},"size":{"width":16.0,"height":16.0},"resizedByUser":false},"fd9d3ea5-d135-3683-beca-2b9b56d01519":{"id":"fd9d3ea5-d135-3683-beca-2b9b56d01519","position":{"x":0.0,"y":0.0},"size":{"width":125.0,"height":60.0},"resizedByUser":false},"8b71c60d-6c16-3861-826f-cd90cbf5bacb":{"id":"8b71c60d-6c16-3861-826f-cd90cbf5bacb","position":{"x":0.0,"y":0.0},"size":{"width":125.0,"height":60.0},"resizedByUser":false},"c4d65e80-691b-3d34-8e2d-a2cae117b0ed":{"id":"c4d65e80-691b-3d34-8e2d-a2cae117b0ed","position":{"x":1295.2529230680382,"y":-813.9179271279861},"size":{"width":1005.0,"height":676.5747475531571},"resizedByUser":true},"c5c08109-7a26-3905-94be-72162c24e675":{"id":"c5c08109-7a26-3905-94be-72162c24e675","position":{"x":-11.0,"y":300.8349429958055},"size":{"width":16.0,"height":16.0},"resizedByUser":false},"d0f6d1f4-4cfb-33d9-984e-6504a16c4539":{"id":"d0f6d1f4-4cfb-33d9-984e-6504a16c4539","position":{"x":45.13085937500023,"y":55.0},"size":{"width":16.0,"height":16.0},"resizedByUser":false},"1d8c9eb8-f91b-391d-a561-1d551439fd71":{"id":"1d8c9eb8-f91b-391d-a561-1d551439fd71","position":{"x":108.466796875,"y":100.75},"size":{"width":16.0,"height":16.0},"resizedByUser":false},"17ae6b8b-01f0-34c9-9cf0-f028cc1a38c9":{"id":"17ae6b8b-01f0-34c9-9cf0-f028cc1a38c9","position":{"x":9.798828125,"y":-11.0},"size":{"width":16.0,"height":16.0},"resizedByUser":false},"fa77aa39-17b0-3e21-8dd1-3b910becee12":{"id":"fa77aa39-17b0-3e21-8dd1-3b910becee12","position":{"x":-11.0,"y":53.0},"size":{"width":16.0,"height":16.0},"resizedByUser":false},"a1ade0cb-0f00-3204-a524-57847ddbd1dc":{"id":"a1ade0cb-0f00-3204-a524-57847ddbd1dc","position":{"x":0.0,"y":0.0},"size":{"width":125.0,"height":60.0},"resizedByUser":false},"1f1a74b6-4e4a-3977-ba62-6b2e2d58667a":{"id":"1f1a74b6-4e4a-3977-ba62-6b2e2d58667a","position":{"x":0.0,"y":0.0},"size":{"width":125.0,"height":150.0},"resizedByUser":false},"7e708443-84fa-3d49-89b4-6b348c7423c4":{"id":"7e708443-84fa-3d49-89b4-6b348c7423c4","position":{"x":0.0,"y":9.0},"size":{"width":327.0,"height":60.0},"resizedByUser":false},"f2badc28-029a-3dee-8304-d13096a0c23a":{"id":"f2badc28-029a-3dee-8304-d13096a0c23a","position":{"x":0.0,"y":0.0},"size":{"width":125.0,"height":60.0},"resizedByUser":false},"36f09ed7-939a-39fb-9a03-4c22d7253374":{"id":"36f09ed7-939a-39fb-9a03-4c22d7253374","position":{"x":0.0,"y":0.0},"size":{"width":125.0,"height":150.0},"resizedByUser":false},"2f575fad-f161-3d0e-9b20-52993c056499":{"id":"2f575fad-f161-3d0e-9b20-52993c056499","position":{"x":310.375,"y":21.0},"size":{"width":16.0,"height":16.0},"resizedByUser":false},"3bec6a9c-cf4a-3626-a82e-1c1487daa49b":{"id":"3bec6a9c-cf4a-3626-a82e-1c1487daa49b","position":{"x":168.578125,"y":24.028589041045237},"size":{"width":16.0,"height":16.0},"resizedByUser":false},"f8e88b3d-1daa-34fe-bc8d-dbd2c52c7663":{"id":"f8e88b3d-1daa-34fe-bc8d-dbd2c52c7663","position":{"x":0.0,"y":0.0},"size":{"width":125.0,"height":150.0},"resizedByUser":false},"d0e8c132-656f-3551-804a-f89b0df2a3c4":{"id":"d0e8c132-656f-3551-804a-f89b0df2a3c4","position":{"x":-11.0,"y":8.999999999999972},"size":{"width":16.0,"height":16.0},"resizedByUser":false},"3d4f5824-c62c-3a46-8b11-568e392d2375":{"id":"3d4f5824-c62c-3a46-8b11-568e392d2375","position":{"x":0.0,"y":0.0},"size":{"width":125.0,"height":60.0},"resizedByUser":false},"32b5fac5-50f2-3bcd-bfb5-212a7d8f8e71":{"id":"32b5fac5-50f2-3bcd-bfb5-212a7d8f8e71","position":{"x":105.2832093798828,"y":240.83494299580548},"size":{"width":173.578125,"height":60.0},"resizedByUser":false},"225de14d-5c08-3730-be83-9c3c81fbc971":{"id":"225de14d-5c08-3730-be83-9c3c81fbc971","position":{"x":-11.0,"y":0.0},"size":{"width":16.0,"height":16.0},"resizedByUser":false},"5acf253a-18a7-3832-988c-5c6837da2c97":{"id":"5acf253a-18a7-3832-988c-5c6837da2c97","position":{"x":227.5703125,"y":43.99999999999997},"size":{"width":16.0,"height":16.0},"resizedByUser":false},"5b061e92-1f0f-33bf-a285-d2358d9166d9":{"id":"5b061e92-1f0f-33bf-a285-d2358d9166d9","position":{"x":0.0,"y":9.0},"size":{"width":327.0,"height":60.0},"resizedByUser":false},"6782aed8-046e-3b1f-a3db-36dc337824f9":{"id":"6782aed8-046e-3b1f-a3db-36dc337824f9","position":{"x":251.79882812500023,"y":55.0},"size":{"width":16.0,"height":16.0},"resizedByUser":false},"11156ba3-3092-33c2-89d0-01eba1528579":{"id":"11156ba3-3092-33c2-89d0-01eba1528579","position":{"x":142.55468750000023,"y":55.0},"size":{"width":16.0,"height":16.0},"resizedByUser":false},"4344f60a-67d4-3483-bbaf-c0064a86438e":{"id":"4344f60a-67d4-3483-bbaf-c0064a86438e","position":{"x":0.0,"y":-11.0},"size":{"width":16.0,"height":16.0},"resizedByUser":false},"63e775a5-1cbb-3c0e-895d-03f1befbe204":{"id":"63e775a5-1cbb-3c0e-895d-03f1befbe204","position":{"x":200.6875,"y":38.0},"size":{"width":16.0,"height":16.0},"resizedByUser":false},"26a0bed5-c696-30f0-9e26-f525bab9d638":{"id":"26a0bed5-c696-30f0-9e26-f525bab9d638","position":{"x":1000.0,"y":402.7099429958055},"size":{"width":16.0,"height":16.0},"resizedByUser":false},"0e26d86d-4e78-39bf-af8b-75d5c982570c":{"id":"0e26d86d-4e78-39bf-af8b-75d5c982570c","position":{"x":0.0,"y":0.0},"size":{"width":125.0,"height":150.0},"resizedByUser":false},"2d26f21b-8daa-37bd-a4ad-a49bbd83093f":{"id":"2d26f21b-8daa-37bd-a4ad-a49bbd83093f","position":{"x":1000.0,"y":125.30555725097656},"size":{"width":16.0,"height":16.0},"resizedByUser":false},"e8a4498d-ab77-30b1-bae9-ab544c8055dc":{"id":"e8a4498d-ab77-30b1-bae9-ab544c8055dc","position":{"x":105.2832093798828,"y":558.8247475531571},"size":{"width":232.5703125,"height":60.0},"resizedByUser":false},"92c49153-0bd1-39d9-ae49-8d142431b85d":{"id":"92c49153-0bd1-39d9-ae49-8d142431b85d","position":{"x":422.7838539325494,"y":328.9599429958055},"size":{"width":205.6875,"height":95.0},"resizedByUser":false},"45b02a9b-cc72-369a-8614-e2b12077977e":{"id":"45b02a9b-cc72-369a-8614-e2b12077977e","position":{"x":0.0,"y":0.0},"size":{"width":125.0,"height":60.0},"resizedByUser":false},"c6d23f35-c9e1-3e08-b726-07cb0cc7f6bb":{"id":"c6d23f35-c9e1-3e08-b726-07cb0cc7f6bb","position":{"x":-11.0,"y":27.683809337166963},"size":{"width":16.0,"height":16.0},"resizedByUser":false},"701595f5-570e-3904-b5bf-8e77f92e0b8b":{"id":"701595f5-570e-3904-b5bf-8e77f92e0b8b","position":{"x":0.0,"y":0.0},"size":{"width":125.0,"height":60.0},"resizedByUser":false},"bae81f27-8f1e-3832-bde7-f0e95d68a86a":{"id":"bae81f27-8f1e-3832-bde7-f0e95d68a86a","position":{"x":-11.0,"y":44.0},"size":{"width":16.0,"height":16.0},"resizedByUser":false},"d0939d6a-17ad-3873-8607-7335620a1056":{"id":"d0939d6a-17ad-3873-8607-7335620a1056","position":{"x":-11.0,"y":32.72384411297426},"size":{"width":16.0,"height":16.0},"resizedByUser":false},"287f99d0-b69b-3021-b6a0-d99eb726c8a5":{"id":"287f99d0-b69b-3021-b6a0-d99eb726c8a5","position":{"x":0.0,"y":0.0},"size":{"width":125.0,"height":60.0},"resizedByUser":false},"09c3845b-1275-393f-bb18-51849ad7e5a3":{"id":"09c3845b-1275-393f-bb18-51849ad7e5a3","position":{"x":0.0,"y":9.0},"size":{"width":327.0,"height":150.0},"resizedByUser":false},"fe24f208-06e6-3bc1-950e-c81bd44310b5":{"id":"fe24f208-06e6-3bc1-950e-c81bd44310b5","position":{"x":0.0,"y":0.0},"size":{"width":125.0,"height":15.0},"resizedByUser":false},"db4b50ab-9943-30a5-8052-37b096260f93":{"id":"db4b50ab-9943-30a5-8052-37b096260f93","position":{"x":0.0,"y":0.0},"size":{"width":125.0,"height":60.0},"resizedByUser":false},"f55b7b89-4553-33d3-8a03-ad1838213706":{"id":"f55b7b89-4553-33d3-8a03-ad1838213706","position":{"x":656.3773481080779,"y":459.82474755315707},"size":{"width":329.0,"height":105.75},"resizedByUser":true},"418560e2-7115-3a63-b2dd-f261cdbb8e05":{"id":"418560e2-7115-3a63-b2dd-f261cdbb8e05","position":{"x":560.0785199830777,"y":140.3899767690931},"size":{"width":315.375,"height":60.0},"resizedByUser":false},"2fd742ca-b812-3010-9bd6-1e350b825680":{"id":"2fd742ca-b812-3010-9bd6-1e350b825680","position":{"x":1000.0,"y":586.8247475531571},"size":{"width":16.0,"height":16.0},"resizedByUser":false},"6a7155aa-e7fe-3f07-a607-826e02a361ac":{"id":"6a7155aa-e7fe-3f07-a607-826e02a361ac","position":{"x":0.0,"y":0.0},"size":{"width":125.0,"height":150.0},"resizedByUser":false},"a298418b-fd20-328c-bc3c-70d76fff8893":{"id":"a298418b-fd20-328c-bc3c-70d76fff8893","position":{"x":0.0,"y":0.0},"size":{"width":125.0,"height":60.0},"resizedByUser":false},"bc6e4759-e866-31ac-aaae-539e3855a476":{"id":"bc6e4759-e866-31ac-aaae-539e3855a476","position":{"x":0.0,"y":0.0},"size":{"width":125.0,"height":15.0},"resizedByUser":false},"0966cbd1-bc81-3782-87f5-bb3f53b98dc2":{"id":"0966cbd1-bc81-3782-87f5-bb3f53b98dc2","position":{"x":5.0,"y":-11.0},"size":{"width":16.0,"height":16.0},"resizedByUser":false},"95530e2f-66b4-3c4c-91f8-7a7dabce37e0":{"id":"95530e2f-66b4-3c4c-91f8-7a7dabce37e0","position":{"x":296.9999999999998,"y":100.75},"size":{"width":16.0,"height":16.0},"resizedByUser":false},"6bc8484e-9664-34e1-b1a2-a13141215ff1":{"id":"6bc8484e-9664-34e1-b1a2-a13141215ff1","position":{"x":157.9375,"y":22.0},"size":{"width":16.0,"height":16.0},"resizedByUser":false}},"edgeLayoutData":{},"labelLayoutData":{}}}}