{"id":"22ae1a6e-ccb7-427e-bf74-9bec63b738d9","projectId":"d82f0506-c804-4820-8f84-a561a1935685","descriptionId":"siriusComponents://representationDescription?kind=diagramDescription&sourceKind=view&sourceId=74c5d045-51d7-359f-9634-611d0f1bef3d&sourceElementId=e1bd3b6d-357b-3068-b2e9-e0c1e19d6856","targetObjectId":"0a54dd2b-114a-4799-a409-a97eb51864a5","label":"Formation Accutacy Constraint Definition","kind":"siriusComponents://representation?type=Diagram","representation":{"id":"22ae1a6e-ccb7-427e-bf74-9bec63b738d9","kind":"siriusComponents://representation?type=Diagram","targetObjectId":"0a54dd2b-114a-4799-a409-a97eb51864a5","descriptionId":"siriusComponents://representationDescription?kind=diagramDescription&sourceKind=view&sourceId=74c5d045-51d7-359f-9634-611d0f1bef3d&sourceElementId=e1bd3b6d-357b-3068-b2e9-e0c1e19d6856","nodes":[{"id":"ae75ca3d-2152-3e51-8b3b-27d083b38d2e","type":"node:rectangle","targetObjectId":"0a54dd2b-114a-4799-a409-a97eb51864a5","targetObjectKind":"siriusComponents://semantic?domain=sysml&entity=ConstraintDefinition","targetObjectLabel":"FormationAccuracy","descriptionId":"siriusComponents://nodeDescription?sourceKind=view&sourceId=74c5d045-51d7-359f-9634-611d0f1bef3d&sourceElementId=4055a909-560d-3db5-a777-ea29c14cc2c2","borderNode":false,"modifiers":[],"state":"Normal","collapsingState":"EXPANDED","insideLabel":{"id":"92ea45d6-f18a-359f-969c-cdccca831468","text":"«constraint def»\nFormationAccuracy","insideLabelLocation":"TOP_CENTER","style":{"color":"#000000","fontSize":14,"bold":false,"italic":false,"underline":false,"strikeThrough":false,"iconURL":["/icons/full/obj16/ConstraintDefinition.svg"],"background":"transparent","borderColor":"black","borderSize":0,"borderRadius":3,"borderStyle":"Solid","maxWidth":null},"isHeader":true,"headerSeparatorDisplayMode":"NEVER","overflowStrategy":"NONE","textAlign":"CENTER"},"outsideLabels":[],"style":{"background":"#ffffff","borderColor":"#000000","borderSize":1,"borderRadius":0,"borderStyle":"Solid"},"childrenLayoutStrategy":{"kind":"FreeForm"},"borderNodes":[{"id":"ea4032b2-baa8-3592-a678-743c0644ae34","type":"node:rectangle","targetObjectId":"6e1612b9-7714-4477-b19a-77f609756942","targetObjectKind":"siriusComponents://semantic?domain=sysml&entity=PortUsage","targetObjectLabel":"position_error","descriptionId":"siriusComponents://nodeDescription?sourceKind=view&sourceId=74c5d045-51d7-359f-9634-611d0f1bef3d&sourceElementId=9e813b81-da01-3300-8d02-c881f85ccadc","borderNode":true,"modifiers":[],"state":"Normal","collapsingState":"EXPANDED","insideLabel":null,"outsideLabels":[{"id":"a5f5f866-8dac-352e-b54a-900c4975830d","text":"position_error","outsideLabelLocation":"BOTTOM_MIDDLE","style":{"color":"#000000","fontSize":12,"bold":false,"italic":false,"underline":false,"strikeThrough":false,"iconURL":[],"background":"transparent","borderColor":"black","borderSize":0,"borderRadius":3,"borderStyle":"Solid","maxWidth":null},"overflowStrategy":"NONE","textAlign":"LEFT"}],"style":{"background":"#ffffff","borderColor":"#000000","borderSize":1,"borderRadius":0,"borderStyle":"Solid"},"childrenLayoutStrategy":null,"borderNodes":[],"childNodes":[],"defaultWidth":10,"defaultHeight":10,"labelEditable":true,"pinned":false}],"childNodes":[{"id":"68ff597d-8fa3-35ae-a402-e542755b7607","type":"node:rectangle","targetObjectId":"6bc75838-d3eb-4aba-add4-e96ffd260436","targetObjectKind":"siriusComponents://semantic?domain=sysml&entity=PartUsage","targetObjectLabel":"drone_hardware","descriptionId":"siriusComponents://nodeDescription?sourceKind=view&sourceId=74c5d045-51d7-359f-9634-611d0f1bef3d&sourceElementId=700133eb-7806-3dce-98d2-9ec37d212aaa","borderNode":false,"modifiers":[],"state":"Normal","collapsingState":"EXPANDED","insideLabel":{"id":"b96e4afc-dbe4-3a2d-92b7-7dc647c6b2c1","text":"«part»\ndrone_hardware : AutonomousDrone","insideLabelLocation":"TOP_CENTER","style":{"color":"#000000","fontSize":14,"bold":false,"italic":false,"underline":false,"strikeThrough":false,"iconURL":["/icons/full/obj16/PartUsage.svg"],"background":"transparent","borderColor":"black","borderSize":0,"borderRadius":3,"borderStyle":"Solid","maxWidth":null},"isHeader":true,"headerSeparatorDisplayMode":"IF_CHILDREN","overflowStrategy":"NONE","textAlign":"CENTER"},"outsideLabels":[],"style":{"background":"#ffffff","borderColor":"#000000","borderSize":1,"borderRadius":10,"borderStyle":"Solid"},"childrenLayoutStrategy":{"areChildNodesDraggable":false,"topGap":0,"bottomGap":0,"growableNodeIds":["siriusComponents://nodeDescription?sourceKind=view&sourceId=74c5d045-51d7-359f-9634-611d0f1bef3d&sourceElementId=a77b4c6c-526d-3fe4-822b-de505f743123"],"kind":"List"},"borderNodes":[{"id":"bea2bdf2-bcee-34c8-b3ed-9acb00556c77","type":"node:rectangle","targetObjectId":"42b27c0e-73bc-4808-8cdd-8c0e9e3b8283","targetObjectKind":"siriusComponents://semantic?domain=sysml&entity=PortUsage","targetObjectLabel":"position_error","descriptionId":"siriusComponents://nodeDescription?sourceKind=view&sourceId=74c5d045-51d7-359f-9634-611d0f1bef3d&sourceElementId=de70405c-a973-3bca-88a6-c6829548952d","borderNode":true,"modifiers":[],"state":"Normal","collapsingState":"EXPANDED","insideLabel":null,"outsideLabels":[{"id":"ecaeb769-b790-3cd8-890d-0a8bb500cd78","text":"position_error : ScalarValues::NumericalValue","outsideLabelLocation":"BOTTOM_MIDDLE","style":{"color":"#000000","fontSize":12,"bold":false,"italic":false,"underline":false,"strikeThrough":false,"iconURL":[],"background":"transparent","borderColor":"black","borderSize":0,"borderRadius":3,"borderStyle":"Solid","maxWidth":null},"overflowStrategy":"NONE","textAlign":"LEFT"}],"style":{"background":"#ffffff","borderColor":"#000000","borderSize":1,"borderRadius":0,"borderStyle":"Solid"},"childrenLayoutStrategy":null,"borderNodes":[],"childNodes":[],"defaultWidth":10,"defaultHeight":10,"labelEditable":true,"pinned":false},{"id":"0f1f2cb8-839d-325c-b4a3-8f94d00b91fd","type":"node:rectangle","targetObjectId":"392db89e-973d-453b-9f56-21d04da56a46","targetObjectKind":"siriusComponents://semantic?domain=sysml&entity=PortUsage","targetObjectLabel":"x_planned","descriptionId":"siriusComponents://nodeDescription?sourceKind=view&sourceId=74c5d045-51d7-359f-9634-611d0f1bef3d&sourceElementId=de70405c-a973-3bca-88a6-c6829548952d","borderNode":true,"modifiers":[],"state":"Normal","collapsingState":"EXPANDED","insideLabel":null,"outsideLabels":[{"id":"a8026bc5-302f-3543-b38d-d09f9b6a4c8d","text":"x_planned : ScalarValues::NumericalValue","outsideLabelLocation":"BOTTOM_MIDDLE","style":{"color":"#000000","fontSize":12,"bold":false,"italic":false,"underline":false,"strikeThrough":false,"iconURL":[],"background":"transparent","borderColor":"black","borderSize":0,"borderRadius":3,"borderStyle":"Solid","maxWidth":null},"overflowStrategy":"NONE","textAlign":"LEFT"}],"style":{"background":"#ffffff","borderColor":"#000000","borderSize":1,"borderRadius":0,"borderStyle":"Solid"},"childrenLayoutStrategy":null,"borderNodes":[],"childNodes":[],"defaultWidth":10,"defaultHeight":10,"labelEditable":true,"pinned":false},{"id":"ea2c7599-b970-3759-ba66-fd00db7e3db8","type":"node:rectangle","targetObjectId":"420488bc-a8e3-4f01-a25d-f133bb550db3","targetObjectKind":"siriusComponents://semantic?domain=sysml&entity=PortUsage","targetObjectLabel":"y_planned","descriptionId":"siriusComponents://nodeDescription?sourceKind=view&sourceId=74c5d045-51d7-359f-9634-611d0f1bef3d&sourceElementId=de70405c-a973-3bca-88a6-c6829548952d","borderNode":true,"modifiers":[],"state":"Normal","collapsingState":"EXPANDED","insideLabel":null,"outsideLabels":[{"id":"40da64fc-c2da-3df3-b9df-551f86d89dc1","text":"y_planned : ScalarValues::NumericalValue","outsideLabelLocation":"BOTTOM_MIDDLE","style":{"color":"#000000","fontSize":12,"bold":false,"italic":false,"underline":false,"strikeThrough":false,"iconURL":[],"background":"transparent","borderColor":"black","borderSize":0,"borderRadius":3,"borderStyle":"Solid","maxWidth":null},"overflowStrategy":"NONE","textAlign":"LEFT"}],"style":{"background":"#ffffff","borderColor":"#000000","borderSize":1,"borderRadius":0,"borderStyle":"Solid"},"childrenLayoutStrategy":null,"borderNodes":[],"childNodes":[],"defaultWidth":10,"defaultHeight":10,"labelEditable":true,"pinned":false},{"id":"c5e0fb0f-156c-3bdc-a782-0ae0b9ab62eb","type":"node:rectangle","targetObjectId":"f21b7522-d79c-46bb-80ad-eefa971771fa","targetObjectKind":"siriusComponents://semantic?domain=sysml&entity=PortUsage","targetObjectLabel":"z_planned","descriptionId":"siriusComponents://nodeDescription?sourceKind=view&sourceId=74c5d045-51d7-359f-9634-611d0f1bef3d&sourceElementId=de70405c-a973-3bca-88a6-c6829548952d","borderNode":true,"modifiers":[],"state":"Normal","collapsingState":"EXPANDED","insideLabel":null,"outsideLabels":[{"id":"254506f1-b496-309e-ab79-4ab84b30bbfe","text":"z_planned : ScalarValues::NumericalValue","outsideLabelLocation":"BOTTOM_MIDDLE","style":{"color":"#000000","fontSize":12,"bold":false,"italic":false,"underline":false,"strikeThrough":false,"iconURL":[],"background":"transparent","borderColor":"black","borderSize":0,"borderRadius":3,"borderStyle":"Solid","maxWidth":null},"overflowStrategy":"NONE","textAlign":"LEFT"}],"style":{"background":"#ffffff","borderColor":"#000000","borderSize":1,"borderRadius":0,"borderStyle":"Solid"},"childrenLayoutStrategy":null,"borderNodes":[],"childNodes":[],"defaultWidth":10,"defaultHeight":10,"labelEditable":true,"pinned":false},{"id":"aa1cfab1-7467-3918-9d6f-c308627cd6db","type":"node:rectangle","targetObjectId":"b5e4d5bf-184d-40bd-a91b-a62a257bc0bf","targetObjectKind":"siriusComponents://semantic?domain=sysml&entity=PortUsage","targetObjectLabel":"x_actual","descriptionId":"siriusComponents://nodeDescription?sourceKind=view&sourceId=74c5d045-51d7-359f-9634-611d0f1bef3d&sourceElementId=de70405c-a973-3bca-88a6-c6829548952d","borderNode":true,"modifiers":[],"state":"Normal","collapsingState":"EXPANDED","insideLabel":null,"outsideLabels":[{"id":"daa3ca5c-92dd-3651-be07-f89742e4df03","text":"x_actual : ScalarValues::NumericalValue","outsideLabelLocation":"BOTTOM_MIDDLE","style":{"color":"#000000","fontSize":12,"bold":false,"italic":false,"underline":false,"strikeThrough":false,"iconURL":[],"background":"transparent","borderColor":"black","borderSize":0,"borderRadius":3,"borderStyle":"Solid","maxWidth":null},"overflowStrategy":"NONE","textAlign":"LEFT"}],"style":{"background":"#ffffff","borderColor":"#000000","borderSize":1,"borderRadius":0,"borderStyle":"Solid"},"childrenLayoutStrategy":null,"borderNodes":[],"childNodes":[],"defaultWidth":10,"defaultHeight":10,"labelEditable":true,"pinned":false},{"id":"5ac49372-2c16-33d4-b33e-deead612d822","type":"node:rectangle","targetObjectId":"f685dfb0-a357-4a84-b5f9-5d1f18131f41","targetObjectKind":"siriusComponents://semantic?domain=sysml&entity=PortUsage","targetObjectLabel":"y_actual","descriptionId":"siriusComponents://nodeDescription?sourceKind=view&sourceId=74c5d045-51d7-359f-9634-611d0f1bef3d&sourceElementId=de70405c-a973-3bca-88a6-c6829548952d","borderNode":true,"modifiers":[],"state":"Normal","collapsingState":"EXPANDED","insideLabel":null,"outsideLabels":[{"id":"08979d83-f5fb-3567-9b54-958bc2be5da6","text":"y_actual : ScalarValues::NumericalValue","outsideLabelLocation":"BOTTOM_MIDDLE","style":{"color":"#000000","fontSize":12,"bold":false,"italic":false,"underline":false,"strikeThrough":false,"iconURL":[],"background":"transparent","borderColor":"black","borderSize":0,"borderRadius":3,"borderStyle":"Solid","maxWidth":null},"overflowStrategy":"NONE","textAlign":"LEFT"}],"style":{"background":"#ffffff","borderColor":"#000000","borderSize":1,"borderRadius":0,"borderStyle":"Solid"},"childrenLayoutStrategy":null,"borderNodes":[],"childNodes":[],"defaultWidth":10,"defaultHeight":10,"labelEditable":true,"pinned":false},{"id":"e66c491d-d1e8-3a9b-be8b-6e593e6fbb92","type":"node:rectangle","targetObjectId":"fdcd2732-c7ba-4511-a0d2-09f051906f3a","targetObjectKind":"siriusComponents://semantic?domain=sysml&entity=PortUsage","targetObjectLabel":"z_actual","descriptionId":"siriusComponents://nodeDescription?sourceKind=view&sourceId=74c5d045-51d7-359f-9634-611d0f1bef3d&sourceElementId=de70405c-a973-3bca-88a6-c6829548952d","borderNode":true,"modifiers":[],"state":"Normal","collapsingState":"EXPANDED","insideLabel":null,"outsideLabels":[{"id":"55d7edbe-548e-36ea-b559-d0aece8e1f19","text":"z_actual : ScalarValues::NumericalValue","outsideLabelLocation":"BOTTOM_MIDDLE","style":{"color":"#000000","fontSize":12,"bold":false,"italic":false,"underline":false,"strikeThrough":false,"iconURL":[],"background":"transparent","borderColor":"black","borderSize":0,"borderRadius":3,"borderStyle":"Solid","maxWidth":null},"overflowStrategy":"NONE","textAlign":"LEFT"}],"style":{"background":"#ffffff","borderColor":"#000000","borderSize":1,"borderRadius":0,"borderStyle":"Solid"},"childrenLayoutStrategy":null,"borderNodes":[],"childNodes":[],"defaultWidth":10,"defaultHeight":10,"labelEditable":true,"pinned":false}],"childNodes":[{"id":"a1ee147a-efa3-3985-aef2-6a57514091c8","type":"node:rectangle","targetObjectId":"6bc75838-d3eb-4aba-add4-e96ffd260436","targetObjectKind":"siriusComponents://semantic?domain=sysml&entity=PartUsage","targetObjectLabel":"drone_hardware","descriptionId":"siriusComponents://nodeDescription?sourceKind=view&sourceId=74c5d045-51d7-359f-9634-611d0f1bef3d&sourceElementId=9f871f18-dbda-3798-8e28-094acfae6a2d","borderNode":false,"modifiers":["Hidden"],"state":"Hidden","collapsingState":"EXPANDED","insideLabel":{"id":"7b59066a-c718-3726-b858-15233cc1b3f6","text":"doc","insideLabelLocation":"TOP_CENTER","style":{"color":"#000000","fontSize":12,"bold":false,"italic":true,"underline":false,"strikeThrough":false,"iconURL":[],"background":"transparent","borderColor":"black","borderSize":0,"borderRadius":3,"borderStyle":"Solid","maxWidth":null},"isHeader":true,"headerSeparatorDisplayMode":"NEVER","overflowStrategy":"NONE","textAlign":"CENTER"},"outsideLabels":[],"style":{"background":"transparent","borderColor":"#000000","borderSize":1,"borderRadius":0,"borderStyle":"Solid"},"childrenLayoutStrategy":{"areChildNodesDraggable":true,"topGap":0,"bottomGap":10,"growableNodeIds":[],"kind":"List"},"borderNodes":[],"childNodes":[],"defaultWidth":125,"defaultHeight":60,"labelEditable":false,"pinned":false},{"id":"10225ffc-dde0-384f-989a-6bf79e551bfe","type":"node:rectangle","targetObjectId":"6bc75838-d3eb-4aba-add4-e96ffd260436","targetObjectKind":"siriusComponents://semantic?domain=sysml&entity=PartUsage","targetObjectLabel":"drone_hardware","descriptionId":"siriusComponents://nodeDescription?sourceKind=view&sourceId=74c5d045-51d7-359f-9634-611d0f1bef3d&sourceElementId=85d2283f-c727-34f0-ba1b-695e544d15a7","borderNode":false,"modifiers":["Hidden"],"state":"Hidden","collapsingState":"EXPANDED","insideLabel":{"id":"6b7d5448-700e-391a-854f-7eb3aa8ae0ef","text":"attributes","insideLabelLocation":"TOP_CENTER","style":{"color":"#000000","fontSize":12,"bold":false,"italic":true,"underline":false,"strikeThrough":false,"iconURL":[],"background":"transparent","borderColor":"black","borderSize":0,"borderRadius":3,"borderStyle":"Solid","maxWidth":null},"isHeader":true,"headerSeparatorDisplayMode":"NEVER","overflowStrategy":"NONE","textAlign":"CENTER"},"outsideLabels":[],"style":{"background":"transparent","borderColor":"#000000","borderSize":1,"borderRadius":0,"borderStyle":"Solid"},"childrenLayoutStrategy":{"areChildNodesDraggable":true,"topGap":0,"bottomGap":10,"growableNodeIds":[],"kind":"List"},"borderNodes":[],"childNodes":[{"id":"9a470540-0363-386c-b4d6-37d653e2b696","type":"node:icon-label","targetObjectId":"41ef0617-ed9a-4b70-ae9c-b75750cdcb34","targetObjectKind":"siriusComponents://semantic?domain=sysml&entity=AttributeUsage","targetObjectLabel":"material","descriptionId":"siriusComponents://nodeDescription?sourceKind=view&sourceId=74c5d045-51d7-359f-9634-611d0f1bef3d&sourceElementId=476c2177-8dca-3dfc-a55d-d5ab09e6eaf2","borderNode":false,"modifiers":[],"state":"Hidden","collapsingState":"EXPANDED","insideLabel":{"id":"9347c199-dda0-354e-9ca2-204a36398b26","text":"^material","insideLabelLocation":"TOP_LEFT","style":{"color":"#000000","fontSize":14,"bold":false,"italic":true,"underline":false,"strikeThrough":false,"iconURL":["/icons/full/obj16/AttributeUsage.svg"],"background":"transparent","borderColor":"black","borderSize":0,"borderRadius":3,"borderStyle":"Solid","maxWidth":null},"isHeader":false,"headerSeparatorDisplayMode":"NEVER","overflowStrategy":"WRAP","textAlign":"LEFT"},"outsideLabels":[],"style":{"background":"transparent"},"childrenLayoutStrategy":null,"borderNodes":[],"childNodes":[],"defaultWidth":125,"defaultHeight":15,"labelEditable":false,"pinned":false},{"id":"509dae07-5c89-3745-96e0-b06927a1b1f5","type":"node:icon-label","targetObjectId":"64746476-4c3b-4762-98e8-43a4cb9e5f80","targetObjectKind":"siriusComponents://semantic?domain=sysml&entity=AttributeUsage","targetObjectLabel":"speed","descriptionId":"siriusComponents://nodeDescription?sourceKind=view&sourceId=74c5d045-51d7-359f-9634-611d0f1bef3d&sourceElementId=476c2177-8dca-3dfc-a55d-d5ab09e6eaf2","borderNode":false,"modifiers":[],"state":"Hidden","collapsingState":"EXPANDED","insideLabel":{"id":"8772f232-a091-3ad1-9ac6-4170ab5ce1c9","text":"^speed : ScalarValues::ScalarValue","insideLabelLocation":"TOP_LEFT","style":{"color":"#000000","fontSize":14,"bold":false,"italic":true,"underline":false,"strikeThrough":false,"iconURL":["/icons/full/obj16/AttributeUsage.svg"],"background":"transparent","borderColor":"black","borderSize":0,"borderRadius":3,"borderStyle":"Solid","maxWidth":null},"isHeader":false,"headerSeparatorDisplayMode":"NEVER","overflowStrategy":"WRAP","textAlign":"LEFT"},"outsideLabels":[],"style":{"background":"transparent"},"childrenLayoutStrategy":null,"borderNodes":[],"childNodes":[],"defaultWidth":125,"defaultHeight":15,"labelEditable":false,"pinned":false},{"id":"b64add7e-c37a-3f24-983b-4bc6aed74639","type":"node:icon-label","targetObjectId":"410d6469-e869-4dec-8d8b-39533a196742","targetObjectKind":"siriusComponents://semantic?domain=sysml&entity=AttributeUsage","targetObjectLabel":"mass","descriptionId":"siriusComponents://nodeDescription?sourceKind=view&sourceId=74c5d045-51d7-359f-9634-611d0f1bef3d&sourceElementId=476c2177-8dca-3dfc-a55d-d5ab09e6eaf2","borderNode":false,"modifiers":[],"state":"Hidden","collapsingState":"EXPANDED","insideLabel":{"id":"5f60708b-e032-354b-a9c9-4b354c0f2298","text":"^mass : ISQBase::MassValue","insideLabelLocation":"TOP_LEFT","style":{"color":"#000000","fontSize":14,"bold":false,"italic":true,"underline":false,"strikeThrough":false,"iconURL":["/icons/full/obj16/AttributeUsage.svg"],"background":"transparent","borderColor":"black","borderSize":0,"borderRadius":3,"borderStyle":"Solid","maxWidth":null},"isHeader":false,"headerSeparatorDisplayMode":"NEVER","overflowStrategy":"WRAP","textAlign":"LEFT"},"outsideLabels":[],"style":{"background":"transparent"},"childrenLayoutStrategy":null,"borderNodes":[],"childNodes":[],"defaultWidth":125,"defaultHeight":15,"labelEditable":false,"pinned":false}],"defaultWidth":125,"defaultHeight":60,"labelEditable":false,"pinned":false},{"id":"20b74f48-0b5d-35c4-a455-41c8ea52e755","type":"node:rectangle","targetObjectId":"6bc75838-d3eb-4aba-add4-e96ffd260436","targetObjectKind":"siriusComponents://semantic?domain=sysml&entity=PartUsage","targetObjectLabel":"drone_hardware","descriptionId":"siriusComponents://nodeDescription?sourceKind=view&sourceId=74c5d045-51d7-359f-9634-611d0f1bef3d&sourceElementId=a77b4c6c-526d-3fe4-822b-de505f743123","borderNode":false,"modifiers":["Hidden"],"state":"Hidden","collapsingState":"EXPANDED","insideLabel":{"id":"4fe65b20-3e0b-3f04-977b-bf5e1b88c287","text":"parts","insideLabelLocation":"TOP_CENTER","style":{"color":"#000000","fontSize":12,"bold":false,"italic":true,"underline":false,"strikeThrough":false,"iconURL":[],"background":"transparent","borderColor":"black","borderSize":0,"borderRadius":3,"borderStyle":"Solid","maxWidth":null},"isHeader":true,"headerSeparatorDisplayMode":"NEVER","overflowStrategy":"NONE","textAlign":"CENTER"},"outsideLabels":[],"style":{"background":"transparent","borderColor":"#000000","borderSize":1,"borderRadius":0,"borderStyle":"Solid"},"childrenLayoutStrategy":{"kind":"FreeForm"},"borderNodes":[],"childNodes":[],"defaultWidth":125,"defaultHeight":150,"labelEditable":false,"pinned":false}],"defaultWidth":150,"defaultHeight":60,"labelEditable":true,"pinned":false},{"id":"290eb251-d22f-383b-bed0-906f8bc40c07","type":"node:rectangle","targetObjectId":"98886a4d-a311-4ffc-8682-ec807e3d2f0a","targetObjectKind":"siriusComponents://semantic?domain=sysml&entity=PartUsage","targetObjectLabel":"cal_for_position_error","descriptionId":"siriusComponents://nodeDescription?sourceKind=view&sourceId=74c5d045-51d7-359f-9634-611d0f1bef3d&sourceElementId=700133eb-7806-3dce-98d2-9ec37d212aaa","borderNode":false,"modifiers":[],"state":"Normal","collapsingState":"EXPANDED","insideLabel":{"id":"9f04d007-dee6-3c22-8610-5d255f0f9cac","text":"«part»\ncal_for_position_error : ComputePositionError","insideLabelLocation":"TOP_CENTER","style":{"color":"#000000","fontSize":14,"bold":false,"italic":false,"underline":false,"strikeThrough":false,"iconURL":["/icons/full/obj16/PartUsage.svg"],"background":"transparent","borderColor":"black","borderSize":0,"borderRadius":3,"borderStyle":"Solid","maxWidth":null},"isHeader":true,"headerSeparatorDisplayMode":"IF_CHILDREN","overflowStrategy":"NONE","textAlign":"CENTER"},"outsideLabels":[],"style":{"background":"#ffffff","borderColor":"#000000","borderSize":1,"borderRadius":10,"borderStyle":"Solid"},"childrenLayoutStrategy":{"areChildNodesDraggable":false,"topGap":0,"bottomGap":0,"growableNodeIds":["siriusComponents://nodeDescription?sourceKind=view&sourceId=74c5d045-51d7-359f-9634-611d0f1bef3d&sourceElementId=a77b4c6c-526d-3fe4-822b-de505f743123"],"kind":"List"},"borderNodes":[{"id":"dc182f10-2a6a-3d7a-bcb8-6c9c97e40f22","type":"node:rectangle","targetObjectId":"9cc72728-5155-4ffa-bbcb-b6b02e4d7f8e","targetObjectKind":"siriusComponents://semantic?domain=sysml&entity=PortUsage","targetObjectLabel":"position_error","descriptionId":"siriusComponents://nodeDescription?sourceKind=view&sourceId=74c5d045-51d7-359f-9634-611d0f1bef3d&sourceElementId=de70405c-a973-3bca-88a6-c6829548952d","borderNode":true,"modifiers":[],"state":"Normal","collapsingState":"EXPANDED","insideLabel":null,"outsideLabels":[{"id":"9347ab4b-4c26-3992-bf98-97f55b95226f","text":"position_error","outsideLabelLocation":"BOTTOM_MIDDLE","style":{"color":"#000000","fontSize":12,"bold":false,"italic":false,"underline":false,"strikeThrough":false,"iconURL":[],"background":"transparent","borderColor":"black","borderSize":0,"borderRadius":3,"borderStyle":"Solid","maxWidth":null},"overflowStrategy":"NONE","textAlign":"LEFT"}],"style":{"background":"#ffffff","borderColor":"#000000","borderSize":1,"borderRadius":0,"borderStyle":"Solid"},"childrenLayoutStrategy":null,"borderNodes":[],"childNodes":[],"defaultWidth":10,"defaultHeight":10,"labelEditable":true,"pinned":false},{"id":"dd7ef849-5405-39d6-b920-32480faf5324","type":"node:rectangle","targetObjectId":"7ea82276-c984-4381-be44-b400c4244fa0","targetObjectKind":"siriusComponents://semantic?domain=sysml&entity=PortUsage","targetObjectLabel":"x_p","descriptionId":"siriusComponents://nodeDescription?sourceKind=view&sourceId=74c5d045-51d7-359f-9634-611d0f1bef3d&sourceElementId=de70405c-a973-3bca-88a6-c6829548952d","borderNode":true,"modifiers":[],"state":"Normal","collapsingState":"EXPANDED","insideLabel":null,"outsideLabels":[{"id":"aa66d68d-4b41-3f94-959d-c05e19bd7892","text":"x_p","outsideLabelLocation":"BOTTOM_MIDDLE","style":{"color":"#000000","fontSize":12,"bold":false,"italic":false,"underline":false,"strikeThrough":false,"iconURL":[],"background":"transparent","borderColor":"black","borderSize":0,"borderRadius":3,"borderStyle":"Solid","maxWidth":null},"overflowStrategy":"NONE","textAlign":"LEFT"}],"style":{"background":"#ffffff","borderColor":"#000000","borderSize":1,"borderRadius":0,"borderStyle":"Solid"},"childrenLayoutStrategy":null,"borderNodes":[],"childNodes":[],"defaultWidth":10,"defaultHeight":10,"labelEditable":true,"pinned":false},{"id":"0b62b850-c939-3738-afeb-e306fbbb1c67","type":"node:rectangle","targetObjectId":"7ae6fea3-9162-4672-87f4-683774de408c","targetObjectKind":"siriusComponents://semantic?domain=sysml&entity=PortUsage","targetObjectLabel":"y_p","descriptionId":"siriusComponents://nodeDescription?sourceKind=view&sourceId=74c5d045-51d7-359f-9634-611d0f1bef3d&sourceElementId=de70405c-a973-3bca-88a6-c6829548952d","borderNode":true,"modifiers":[],"state":"Normal","collapsingState":"EXPANDED","insideLabel":null,"outsideLabels":[{"id":"22db9aaa-b46a-3c8a-8239-a5bab45dd438","text":"y_p","outsideLabelLocation":"BOTTOM_MIDDLE","style":{"color":"#000000","fontSize":12,"bold":false,"italic":false,"underline":false,"strikeThrough":false,"iconURL":[],"background":"transparent","borderColor":"black","borderSize":0,"borderRadius":3,"borderStyle":"Solid","maxWidth":null},"overflowStrategy":"NONE","textAlign":"LEFT"}],"style":{"background":"#ffffff","borderColor":"#000000","borderSize":1,"borderRadius":0,"borderStyle":"Solid"},"childrenLayoutStrategy":null,"borderNodes":[],"childNodes":[],"defaultWidth":10,"defaultHeight":10,"labelEditable":true,"pinned":false},{"id":"b4ca4ea7-c704-3704-95b1-feb6fa0c0f1d","type":"node:rectangle","targetObjectId":"504c1195-cb37-4df2-bd0d-76db83008767","targetObjectKind":"siriusComponents://semantic?domain=sysml&entity=PortUsage","targetObjectLabel":"z_p","descriptionId":"siriusComponents://nodeDescription?sourceKind=view&sourceId=74c5d045-51d7-359f-9634-611d0f1bef3d&sourceElementId=de70405c-a973-3bca-88a6-c6829548952d","borderNode":true,"modifiers":[],"state":"Normal","collapsingState":"EXPANDED","insideLabel":null,"outsideLabels":[{"id":"2dfbfd91-b67c-3611-94b1-1767a12f3ad9","text":"z_p","outsideLabelLocation":"BOTTOM_MIDDLE","style":{"color":"#000000","fontSize":12,"bold":false,"italic":false,"underline":false,"strikeThrough":false,"iconURL":[],"background":"transparent","borderColor":"black","borderSize":0,"borderRadius":3,"borderStyle":"Solid","maxWidth":null},"overflowStrategy":"NONE","textAlign":"LEFT"}],"style":{"background":"#ffffff","borderColor":"#000000","borderSize":1,"borderRadius":0,"borderStyle":"Solid"},"childrenLayoutStrategy":null,"borderNodes":[],"childNodes":[],"defaultWidth":10,"defaultHeight":10,"labelEditable":true,"pinned":false},{"id":"93b583ee-69a6-391f-a2b2-bc94789a2774","type":"node:rectangle","targetObjectId":"7ff9f4fa-cb4d-4753-8558-daf9c05fb584","targetObjectKind":"siriusComponents://semantic?domain=sysml&entity=PortUsage","targetObjectLabel":"x_a","descriptionId":"siriusComponents://nodeDescription?sourceKind=view&sourceId=74c5d045-51d7-359f-9634-611d0f1bef3d&sourceElementId=de70405c-a973-3bca-88a6-c6829548952d","borderNode":true,"modifiers":[],"state":"Normal","collapsingState":"EXPANDED","insideLabel":null,"outsideLabels":[{"id":"04a533f7-67a4-34a8-93e1-4e5c292a63e2","text":"x_a","outsideLabelLocation":"BOTTOM_MIDDLE","style":{"color":"#000000","fontSize":12,"bold":false,"italic":false,"underline":false,"strikeThrough":false,"iconURL":[],"background":"transparent","borderColor":"black","borderSize":0,"borderRadius":3,"borderStyle":"Solid","maxWidth":null},"overflowStrategy":"NONE","textAlign":"LEFT"}],"style":{"background":"#ffffff","borderColor":"#000000","borderSize":1,"borderRadius":0,"borderStyle":"Solid"},"childrenLayoutStrategy":null,"borderNodes":[],"childNodes":[],"defaultWidth":10,"defaultHeight":10,"labelEditable":true,"pinned":false},{"id":"814a4ba2-73de-3dbd-9834-137bda294ce5","type":"node:rectangle","targetObjectId":"6e501ab3-3f16-4fb9-b5c0-925834a1f807","targetObjectKind":"siriusComponents://semantic?domain=sysml&entity=PortUsage","targetObjectLabel":"y_a","descriptionId":"siriusComponents://nodeDescription?sourceKind=view&sourceId=74c5d045-51d7-359f-9634-611d0f1bef3d&sourceElementId=de70405c-a973-3bca-88a6-c6829548952d","borderNode":true,"modifiers":[],"state":"Normal","collapsingState":"EXPANDED","insideLabel":null,"outsideLabels":[{"id":"b6e7604c-6b55-36e2-b208-f2487d5d459b","text":"y_a","outsideLabelLocation":"BOTTOM_MIDDLE","style":{"color":"#000000","fontSize":12,"bold":false,"italic":false,"underline":false,"strikeThrough":false,"iconURL":[],"background":"transparent","borderColor":"black","borderSize":0,"borderRadius":3,"borderStyle":"Solid","maxWidth":null},"overflowStrategy":"NONE","textAlign":"LEFT"}],"style":{"background":"#ffffff","borderColor":"#000000","borderSize":1,"borderRadius":0,"borderStyle":"Solid"},"childrenLayoutStrategy":null,"borderNodes":[],"childNodes":[],"defaultWidth":10,"defaultHeight":10,"labelEditable":true,"pinned":false},{"id":"b2707c0d-cacf-3dbb-b2b1-4214f8191cbe","type":"node:rectangle","targetObjectId":"fe460bde-f27a-48ed-b902-5a62106bd57b","targetObjectKind":"siriusComponents://semantic?domain=sysml&entity=PortUsage","targetObjectLabel":"z_a","descriptionId":"siriusComponents://nodeDescription?sourceKind=view&sourceId=74c5d045-51d7-359f-9634-611d0f1bef3d&sourceElementId=de70405c-a973-3bca-88a6-c6829548952d","borderNode":true,"modifiers":[],"state":"Normal","collapsingState":"EXPANDED","insideLabel":null,"outsideLabels":[{"id":"41c382a7-588e-30b9-9ef9-a0705378566a","text":"z_a","outsideLabelLocation":"BOTTOM_MIDDLE","style":{"color":"#000000","fontSize":12,"bold":false,"italic":false,"underline":false,"strikeThrough":false,"iconURL":[],"background":"transparent","borderColor":"black","borderSize":0,"borderRadius":3,"borderStyle":"Solid","maxWidth":null},"overflowStrategy":"NONE","textAlign":"LEFT"}],"style":{"background":"#ffffff","borderColor":"#000000","borderSize":1,"borderRadius":0,"borderStyle":"Solid"},"childrenLayoutStrategy":null,"borderNodes":[],"childNodes":[],"defaultWidth":10,"defaultHeight":10,"labelEditable":true,"pinned":false}],"childNodes":[{"id":"17d9a8ee-d1ce-3814-accd-01db848567b4","type":"node:rectangle","targetObjectId":"98886a4d-a311-4ffc-8682-ec807e3d2f0a","targetObjectKind":"siriusComponents://semantic?domain=sysml&entity=PartUsage","targetObjectLabel":"cal_for_position_error","descriptionId":"siriusComponents://nodeDescription?sourceKind=view&sourceId=74c5d045-51d7-359f-9634-611d0f1bef3d&sourceElementId=9f871f18-dbda-3798-8e28-094acfae6a2d","borderNode":false,"modifiers":["Hidden"],"state":"Hidden","collapsingState":"EXPANDED","insideLabel":{"id":"38c951f7-a810-3e09-8051-79783c2bb2d6","text":"doc","insideLabelLocation":"TOP_CENTER","style":{"color":"#000000","fontSize":12,"bold":false,"italic":true,"underline":false,"strikeThrough":false,"iconURL":[],"background":"transparent","borderColor":"black","borderSize":0,"borderRadius":3,"borderStyle":"Solid","maxWidth":null},"isHeader":true,"headerSeparatorDisplayMode":"NEVER","overflowStrategy":"NONE","textAlign":"CENTER"},"outsideLabels":[],"style":{"background":"transparent","borderColor":"#000000","borderSize":1,"borderRadius":0,"borderStyle":"Solid"},"childrenLayoutStrategy":{"areChildNodesDraggable":true,"topGap":0,"bottomGap":10,"growableNodeIds":[],"kind":"List"},"borderNodes":[],"childNodes":[],"defaultWidth":125,"defaultHeight":60,"labelEditable":false,"pinned":false},{"id":"15670f63-1195-39cb-b77d-ce0ffa0ff9be","type":"node:rectangle","targetObjectId":"98886a4d-a311-4ffc-8682-ec807e3d2f0a","targetObjectKind":"siriusComponents://semantic?domain=sysml&entity=PartUsage","targetObjectLabel":"cal_for_position_error","descriptionId":"siriusComponents://nodeDescription?sourceKind=view&sourceId=74c5d045-51d7-359f-9634-611d0f1bef3d&sourceElementId=85d2283f-c727-34f0-ba1b-695e544d15a7","borderNode":false,"modifiers":["Hidden"],"state":"Hidden","collapsingState":"EXPANDED","insideLabel":{"id":"4d328b33-17ad-3552-b5b9-9c53471e95a0","text":"attributes","insideLabelLocation":"TOP_CENTER","style":{"color":"#000000","fontSize":12,"bold":false,"italic":true,"underline":false,"strikeThrough":false,"iconURL":[],"background":"transparent","borderColor":"black","borderSize":0,"borderRadius":3,"borderStyle":"Solid","maxWidth":null},"isHeader":true,"headerSeparatorDisplayMode":"NEVER","overflowStrategy":"NONE","textAlign":"CENTER"},"outsideLabels":[],"style":{"background":"transparent","borderColor":"#000000","borderSize":1,"borderRadius":0,"borderStyle":"Solid"},"childrenLayoutStrategy":{"areChildNodesDraggable":true,"topGap":0,"bottomGap":10,"growableNodeIds":[],"kind":"List"},"borderNodes":[],"childNodes":[],"defaultWidth":125,"defaultHeight":60,"labelEditable":false,"pinned":false},{"id":"0d97e510-4fa1-32c0-b09e-461a56d905e0","type":"node:rectangle","targetObjectId":"98886a4d-a311-4ffc-8682-ec807e3d2f0a","targetObjectKind":"siriusComponents://semantic?domain=sysml&entity=PartUsage","targetObjectLabel":"cal_for_position_error","descriptionId":"siriusComponents://nodeDescription?sourceKind=view&sourceId=74c5d045-51d7-359f-9634-611d0f1bef3d&sourceElementId=a77b4c6c-526d-3fe4-822b-de505f743123","borderNode":false,"modifiers":["Hidden"],"state":"Hidden","collapsingState":"EXPANDED","insideLabel":{"id":"69d8598c-72e4-36a0-a338-bfa3b09e5cfa","text":"parts","insideLabelLocation":"TOP_CENTER","style":{"color":"#000000","fontSize":12,"bold":false,"italic":true,"underline":false,"strikeThrough":false,"iconURL":[],"background":"transparent","borderColor":"black","borderSize":0,"borderRadius":3,"borderStyle":"Solid","maxWidth":null},"isHeader":true,"headerSeparatorDisplayMode":"NEVER","overflowStrategy":"NONE","textAlign":"CENTER"},"outsideLabels":[],"style":{"background":"transparent","borderColor":"#000000","borderSize":1,"borderRadius":0,"borderStyle":"Solid"},"childrenLayoutStrategy":{"kind":"FreeForm"},"borderNodes":[],"childNodes":[],"defaultWidth":125,"defaultHeight":150,"labelEditable":false,"pinned":false}],"defaultWidth":150,"defaultHeight":60,"labelEditable":true,"pinned":false}],"defaultWidth":700,"defaultHeight":400,"labelEditable":true,"pinned":false}],"edges":[{"id":"8aa0b06a-ed98-37be-9d68-9fd64f103974","type":"edge:straight","targetObjectId":"fd5809e0-db69-4ff3-8d2f-7cf01bf022e5","targetObjectKind":"siriusComponents://semantic?domain=sysml&entity=BindingConnectorAsUsage","targetObjectLabel":"","descriptionId":"siriusComponents://edgeDescription?sourceKind=view&sourceId=74c5d045-51d7-359f-9634-611d0f1bef3d&sourceElementId=3d1c5a31-5567-3e8a-8cd5-011bc74140f3","beginLabel":null,"centerLabel":{"id":"4597b1e9-1e7c-3b5c-bd14-3df14862abc7","type":"label:edge-center","text":"=","style":{"color":"#000000","fontSize":14,"bold":false,"italic":false,"underline":false,"strikeThrough":false,"iconURL":[],"background":"transparent","borderColor":"black","borderSize":0,"borderRadius":3,"borderStyle":"Solid","maxWidth":null}},"endLabel":null,"sourceId":"ea4032b2-baa8-3592-a678-743c0644ae34","targetId":"bea2bdf2-bcee-34c8-b3ed-9acb00556c77","modifiers":[],"state":"Normal","style":{"size":1,"lineStyle":"Solid","sourceArrow":"None","targetArrow":"None","color":"#000000"},"centerLabelEditable":false},{"id":"983afe94-b02d-3a3f-8540-e2cf4c299989","type":"edge:straight","targetObjectId":"79303196-83a0-40e8-9f26-14337716f877","targetObjectKind":"siriusComponents://semantic?domain=sysml&entity=BindingConnectorAsUsage","targetObjectLabel":"","descriptionId":"siriusComponents://edgeDescription?sourceKind=view&sourceId=74c5d045-51d7-359f-9634-611d0f1bef3d&sourceElementId=3d1c5a31-5567-3e8a-8cd5-011bc74140f3","beginLabel":null,"centerLabel":{"id":"b7238392-061c-3a8f-8af2-fa3ca6bd79cc","type":"label:edge-center","text":"=","style":{"color":"#000000","fontSize":14,"bold":false,"italic":false,"underline":false,"strikeThrough":false,"iconURL":[],"background":"transparent","borderColor":"black","borderSize":0,"borderRadius":3,"borderStyle":"Solid","maxWidth":null}},"endLabel":null,"sourceId":"dc182f10-2a6a-3d7a-bcb8-6c9c97e40f22","targetId":"bea2bdf2-bcee-34c8-b3ed-9acb00556c77","modifiers":[],"state":"Normal","style":{"size":1,"lineStyle":"Solid","sourceArrow":"None","targetArrow":"None","color":"#000000"},"centerLabelEditable":false},{"id":"1078355d-fa85-3367-a4a8-2ba68f49a385","type":"edge:straight","targetObjectId":"5adf931b-d1c3-4aec-9c45-6327f76cc027","targetObjectKind":"siriusComponents://semantic?domain=sysml&entity=BindingConnectorAsUsage","targetObjectLabel":"","descriptionId":"siriusComponents://edgeDescription?sourceKind=view&sourceId=74c5d045-51d7-359f-9634-611d0f1bef3d&sourceElementId=3d1c5a31-5567-3e8a-8cd5-011bc74140f3","beginLabel":null,"centerLabel":{"id":"fa7700de-4357-3bd1-8591-9c83a27c5479","type":"label:edge-center","text":"=","style":{"color":"#000000","fontSize":14,"bold":false,"italic":false,"underline":false,"strikeThrough":false,"iconURL":[],"background":"transparent","borderColor":"black","borderSize":0,"borderRadius":3,"borderStyle":"Solid","maxWidth":null}},"endLabel":null,"sourceId":"dd7ef849-5405-39d6-b920-32480faf5324","targetId":"0f1f2cb8-839d-325c-b4a3-8f94d00b91fd","modifiers":[],"state":"Normal","style":{"size":1,"lineStyle":"Solid","sourceArrow":"None","targetArrow":"None","color":"#000000"},"centerLabelEditable":false},{"id":"8e3f36e0-13b3-3edd-8a10-a014b7b2d90a","type":"edge:straight","targetObjectId":"a2b359a9-9dbf-4435-9491-a3fa90d89edb","targetObjectKind":"siriusComponents://semantic?domain=sysml&entity=BindingConnectorAsUsage","targetObjectLabel":"","descriptionId":"siriusComponents://edgeDescription?sourceKind=view&sourceId=74c5d045-51d7-359f-9634-611d0f1bef3d&sourceElementId=3d1c5a31-5567-3e8a-8cd5-011bc74140f3","beginLabel":null,"centerLabel":{"id":"a616c0ad-35b0-3b75-aba3-a86ba0306b3a","type":"label:edge-center","text":"=","style":{"color":"#000000","fontSize":14,"bold":false,"italic":false,"underline":false,"strikeThrough":false,"iconURL":[],"background":"transparent","borderColor":"black","borderSize":0,"borderRadius":3,"borderStyle":"Solid","maxWidth":null}},"endLabel":null,"sourceId":"0b62b850-c939-3738-afeb-e306fbbb1c67","targetId":"ea2c7599-b970-3759-ba66-fd00db7e3db8","modifiers":[],"state":"Normal","style":{"size":1,"lineStyle":"Solid","sourceArrow":"None","targetArrow":"None","color":"#000000"},"centerLabelEditable":false},{"id":"b0339cd2-7d49-396c-92a8-06c90f9c6b20","type":"edge:straight","targetObjectId":"5d65b15a-7aff-4da5-907d-ff701d50b764","targetObjectKind":"siriusComponents://semantic?domain=sysml&entity=BindingConnectorAsUsage","targetObjectLabel":"","descriptionId":"siriusComponents://edgeDescription?sourceKind=view&sourceId=74c5d045-51d7-359f-9634-611d0f1bef3d&sourceElementId=3d1c5a31-5567-3e8a-8cd5-011bc74140f3","beginLabel":null,"centerLabel":{"id":"5068bb1d-748f-3328-b82c-864c010ce3eb","type":"label:edge-center","text":"=","style":{"color":"#000000","fontSize":14,"bold":false,"italic":false,"underline":false,"strikeThrough":false,"iconURL":[],"background":"transparent","borderColor":"black","borderSize":0,"borderRadius":3,"borderStyle":"Solid","maxWidth":null}},"endLabel":null,"sourceId":"b4ca4ea7-c704-3704-95b1-feb6fa0c0f1d","targetId":"c5e0fb0f-156c-3bdc-a782-0ae0b9ab62eb","modifiers":[],"state":"Normal","style":{"size":1,"lineStyle":"Solid","sourceArrow":"None","targetArrow":"None","color":"#000000"},"centerLabelEditable":false},{"id":"22bb20e1-6356-392c-84b7-4654c253d34d","type":"edge:straight","targetObjectId":"c1fa8cf8-1aa2-4beb-a73b-ee9c2caf253f","targetObjectKind":"siriusComponents://semantic?domain=sysml&entity=BindingConnectorAsUsage","targetObjectLabel":"","descriptionId":"siriusComponents://edgeDescription?sourceKind=view&sourceId=74c5d045-51d7-359f-9634-611d0f1bef3d&sourceElementId=3d1c5a31-5567-3e8a-8cd5-011bc74140f3","beginLabel":null,"centerLabel":{"id":"87c2b059-12f0-378f-813a-59dcd0762715","type":"label:edge-center","text":"=","style":{"color":"#000000","fontSize":14,"bold":false,"italic":false,"underline":false,"strikeThrough":false,"iconURL":[],"background":"transparent","borderColor":"black","borderSize":0,"borderRadius":3,"borderStyle":"Solid","maxWidth":null}},"endLabel":null,"sourceId":"93b583ee-69a6-391f-a2b2-bc94789a2774","targetId":"aa1cfab1-7467-3918-9d6f-c308627cd6db","modifiers":[],"state":"Normal","style":{"size":1,"lineStyle":"Solid","sourceArrow":"None","targetArrow":"None","color":"#000000"},"centerLabelEditable":false},{"id":"7fd948f1-f7be-321b-b6df-ce2d046d6036","type":"edge:straight","targetObjectId":"58f63870-92d5-4668-b2e6-a9d48e897968","targetObjectKind":"siriusComponents://semantic?domain=sysml&entity=BindingConnectorAsUsage","targetObjectLabel":"","descriptionId":"siriusComponents://edgeDescription?sourceKind=view&sourceId=74c5d045-51d7-359f-9634-611d0f1bef3d&sourceElementId=3d1c5a31-5567-3e8a-8cd5-011bc74140f3","beginLabel":null,"centerLabel":{"id":"840c811e-0ed8-3a4f-90c7-8fd4d8069176","type":"label:edge-center","text":"=","style":{"color":"#000000","fontSize":14,"bold":false,"italic":false,"underline":false,"strikeThrough":false,"iconURL":[],"background":"transparent","borderColor":"black","borderSize":0,"borderRadius":3,"borderStyle":"Solid","maxWidth":null}},"endLabel":null,"sourceId":"814a4ba2-73de-3dbd-9834-137bda294ce5","targetId":"5ac49372-2c16-33d4-b33e-deead612d822","modifiers":[],"state":"Normal","style":{"size":1,"lineStyle":"Solid","sourceArrow":"None","targetArrow":"None","color":"#000000"},"centerLabelEditable":false},{"id":"e5773e4b-b621-3eff-bfd2-0a73135db577","type":"edge:straight","targetObjectId":"90bbf1b7-c5af-499d-a485-f4cb319b7dd8","targetObjectKind":"siriusComponents://semantic?domain=sysml&entity=BindingConnectorAsUsage","targetObjectLabel":"","descriptionId":"siriusComponents://edgeDescription?sourceKind=view&sourceId=74c5d045-51d7-359f-9634-611d0f1bef3d&sourceElementId=3d1c5a31-5567-3e8a-8cd5-011bc74140f3","beginLabel":null,"centerLabel":{"id":"49569e38-5759-3a56-b9cb-6fd677fcbefe","type":"label:edge-center","text":"=","style":{"color":"#000000","fontSize":14,"bold":false,"italic":false,"underline":false,"strikeThrough":false,"iconURL":[],"background":"transparent","borderColor":"black","borderSize":0,"borderRadius":3,"borderStyle":"Solid","maxWidth":null}},"endLabel":null,"sourceId":"b2707c0d-cacf-3dbb-b2b1-4214f8191cbe","targetId":"e66c491d-d1e8-3a9b-be8b-6e593e6fbb92","modifiers":[],"state":"Normal","style":{"size":1,"lineStyle":"Solid","sourceArrow":"None","targetArrow":"None","color":"#000000"},"centerLabelEditable":false}],"layoutData":{"nodeLayoutData":{"20b74f48-0b5d-35c4-a455-41c8ea52e755":{"id":"20b74f48-0b5d-35c4-a455-41c8ea52e755","position":{"x":0.0,"y":0.0},"size":{"width":312.0,"height":150.0},"resizedByUser":false},"ae75ca3d-2152-3e51-8b3b-27d083b38d2e":{"id":"ae75ca3d-2152-3e51-8b3b-27d083b38d2e","position":{"x":147.33755545227655,"y":509.43770469053425},"size":{"width":1081.0,"height":715.0},"resizedByUser":true},"0b62b850-c939-3738-afeb-e306fbbb1c67":{"id":"0b62b850-c939-3738-afeb-e306fbbb1c67","position":{"x":-11.0,"y":168.0},"size":{"width":16.0,"height":16.0},"resizedByUser":false},"68ff597d-8fa3-35ae-a402-e542755b7607":{"id":"68ff597d-8fa3-35ae-a402-e542755b7607","position":{"x":28.348830785767746,"y":62.520849929986525},"size":{"width":314.00000350585935,"height":538.0},"resizedByUser":true},"0d97e510-4fa1-32c0-b09e-461a56d905e0":{"id":"0d97e510-4fa1-32c0-b09e-461a56d905e0","position":{"x":0.0,"y":0.0},"size":{"width":350.0,"height":150.0},"resizedByUser":false},"dd7ef849-5405-39d6-b920-32480faf5324":{"id":"dd7ef849-5405-39d6-b920-32480faf5324","position":{"x":-11.0,"y":116.0},"size":{"width":16.0,"height":16.0},"resizedByUser":false},"814a4ba2-73de-3dbd-9834-137bda294ce5":{"id":"814a4ba2-73de-3dbd-9834-137bda294ce5","position":{"x":-11.0,"y":392.8165155668947},"size":{"width":16.0,"height":16.0},"resizedByUser":false},"509dae07-5c89-3745-96e0-b06927a1b1f5":{"id":"509dae07-5c89-3745-96e0-b06927a1b1f5","position":{"x":0.0,"y":0.0},"size":{"width":312.0,"height":15.0},"resizedByUser":false},"93b583ee-69a6-391f-a2b2-bc94789a2774":{"id":"93b583ee-69a6-391f-a2b2-bc94789a2774","position":{"x":-11.0,"y":342.5985335207235},"size":{"width":16.0,"height":16.0},"resizedByUser":false},"17d9a8ee-d1ce-3814-accd-01db848567b4":{"id":"17d9a8ee-d1ce-3814-accd-01db848567b4","position":{"x":0.0,"y":0.0},"size":{"width":350.0,"height":60.0},"resizedByUser":false},"290eb251-d22f-383b-bed0-906f8bc40c07":{"id":"290eb251-d22f-383b-bed0-906f8bc40c07","position":{"x":628.4379449146091,"y":62.520849929986525},"size":{"width":352.453125,"height":536.0},"resizedByUser":true},"10225ffc-dde0-384f-989a-6bf79e551bfe":{"id":"10225ffc-dde0-384f-989a-6bf79e551bfe","position":{"x":0.0,"y":0.0},"size":{"width":312.0,"height":60.0},"resizedByUser":false},"aa1cfab1-7467-3918-9d6f-c308627cd6db":{"id":"aa1cfab1-7467-3918-9d6f-c308627cd6db","position":{"x":309.00000350585935,"y":342.5985335207235},"size":{"width":16.0,"height":16.0},"resizedByUser":false},"15670f63-1195-39cb-b77d-ce0ffa0ff9be":{"id":"15670f63-1195-39cb-b77d-ce0ffa0ff9be","position":{"x":0.0,"y":0.0},"size":{"width":350.0,"height":60.0},"resizedByUser":false},"b2707c0d-cacf-3dbb-b2b1-4214f8191cbe":{"id":"b2707c0d-cacf-3dbb-b2b1-4214f8191cbe","position":{"x":-11.0,"y":445.1173968767401},"size":{"width":16.0,"height":16.0},"resizedByUser":false},"dc182f10-2a6a-3d7a-bcb8-6c9c97e40f22":{"id":"dc182f10-2a6a-3d7a-bcb8-6c9c97e40f22","position":{"x":-11.0,"y":44.0},"size":{"width":16.0,"height":16.0},"resizedByUser":false},"0f1f2cb8-839d-325c-b4a3-8f94d00b91fd":{"id":"0f1f2cb8-839d-325c-b4a3-8f94d00b91fd","position":{"x":309.00000350585935,"y":114.15586716709589},"size":{"width":16.0,"height":16.0},"resizedByUser":false},"a1ee147a-efa3-3985-aef2-6a57514091c8":{"id":"a1ee147a-efa3-3985-aef2-6a57514091c8","position":{"x":0.0,"y":0.0},"size":{"width":312.0,"height":60.0},"resizedByUser":false},"b4ca4ea7-c704-3704-95b1-feb6fa0c0f1d":{"id":"b4ca4ea7-c704-3704-95b1-feb6fa0c0f1d","position":{"x":-11.0,"y":223.99999999999994},"size":{"width":16.0,"height":16.0},"resizedByUser":false},"bea2bdf2-bcee-34c8-b3ed-9acb00556c77":{"id":"bea2bdf2-bcee-34c8-b3ed-9acb00556c77","position":{"x":309.00000350585935,"y":44.0},"size":{"width":16.0,"height":16.0},"resizedByUser":false},"ea2c7599-b970-3759-ba66-fd00db7e3db8":{"id":"ea2c7599-b970-3759-ba66-fd00db7e3db8","position":{"x":309.00000350585935,"y":168.0},"size":{"width":16.0,"height":16.0},"resizedByUser":false},"b64add7e-c37a-3f24-983b-4bc6aed74639":{"id":"b64add7e-c37a-3f24-983b-4bc6aed74639","position":{"x":0.0,"y":0.0},"size":{"width":312.0,"height":15.0},"resizedByUser":false},"9a470540-0363-386c-b4d6-37d653e2b696":{"id":"9a470540-0363-386c-b4d6-37d653e2b696","position":{"x":0.0,"y":0.0},"size":{"width":312.0,"height":15.0},"resizedByUser":false},"c5e0fb0f-156c-3bdc-a782-0ae0b9ab62eb":{"id":"c5e0fb0f-156c-3bdc-a782-0ae0b9ab62eb","position":{"x":309.00000350585935,"y":223.99999999999997},"size":{"width":16.0,"height":16.0},"resizedByUser":false},"ea4032b2-baa8-3592-a678-743c0644ae34":{"id":"ea4032b2-baa8-3592-a678-743c0644ae34","position":{"x":92.85281330417615,"y":-11.0},"size":{"width":16.0,"height":16.0},"resizedByUser":false},"e66c491d-d1e8-3a9b-be8b-6e593e6fbb92":{"id":"e66c491d-d1e8-3a9b-be8b-6e593e6fbb92","position":{"x":309.00000350585935,"y":445.11739687674003},"size":{"width":16.0,"height":16.0},"resizedByUser":false},"5ac49372-2c16-33d4-b33e-deead612d822":{"id":"5ac49372-2c16-33d4-b33e-deead612d822","position":{"x":309.00000350585935,"y":392.81651556689474},"size":{"width":16.0,"height":16.0},"resizedByUser":false}},"edgeLayoutData":{},"labelLayoutData":{}}}}