{"id":"c3d2245e-38f4-4fff-92f0-16c2118adfa0","projectId":"d82f0506-c804-4820-8f84-a561a1935685","descriptionId":"siriusComponents://representationDescription?kind=diagramDescription&sourceKind=view&sourceId=74c5d045-51d7-359f-9634-611d0f1bef3d&sourceElementId=e1bd3b6d-357b-3068-b2e9-e0c1e19d6856","targetObjectId":"9fecc65e-d0e3-4c3a-8b1c-4ca2b8ab66f4","label":"Endurance Constraint Definition","kind":"siriusComponents://representation?type=Diagram","representation":{"id":"c3d2245e-38f4-4fff-92f0-16c2118adfa0","kind":"siriusComponents://representation?type=Diagram","targetObjectId":"9fecc65e-d0e3-4c3a-8b1c-4ca2b8ab66f4","descriptionId":"siriusComponents://representationDescription?kind=diagramDescription&sourceKind=view&sourceId=74c5d045-51d7-359f-9634-611d0f1bef3d&sourceElementId=e1bd3b6d-357b-3068-b2e9-e0c1e19d6856","nodes":[{"id":"f2a5e2d7-e1a9-374e-a0a1-4ed6e2b133db","type":"node:rectangle","targetObjectId":"9fecc65e-d0e3-4c3a-8b1c-4ca2b8ab66f4","targetObjectKind":"siriusComponents://semantic?domain=sysml&entity=ConstraintDefinition","targetObjectLabel":"Endurance","descriptionId":"siriusComponents://nodeDescription?sourceKind=view&sourceId=74c5d045-51d7-359f-9634-611d0f1bef3d&sourceElementId=4055a909-560d-3db5-a777-ea29c14cc2c2","borderNode":false,"modifiers":[],"state":"Normal","collapsingState":"EXPANDED","insideLabel":{"id":"bf75faf8-0e32-3d01-b274-818cc91ed09d","text":"«constraint def»\nEndurance","insideLabelLocation":"TOP_CENTER","style":{"color":"#000000","fontSize":14,"bold":false,"italic":false,"underline":false,"strikeThrough":false,"iconURL":["/icons/full/obj16/ConstraintDefinition.svg"],"background":"transparent","borderColor":"black","borderSize":0,"borderRadius":3,"borderStyle":"Solid","maxWidth":null},"isHeader":true,"headerSeparatorDisplayMode":"NEVER","overflowStrategy":"NONE","textAlign":"CENTER"},"outsideLabels":[],"style":{"background":"#ffffff","borderColor":"#000000","borderSize":1,"borderRadius":0,"borderStyle":"Solid"},"childrenLayoutStrategy":{"kind":"FreeForm"},"borderNodes":[{"id":"502b6e94-00f8-34d5-b943-cd1a602988f4","type":"node:rectangle","targetObjectId":"78b95c5f-59ac-4eee-95dc-9a9ee8ecc6bd","targetObjectKind":"siriusComponents://semantic?domain=sysml&entity=PortUsage","targetObjectLabel":"flight_time","descriptionId":"siriusComponents://nodeDescription?sourceKind=view&sourceId=74c5d045-51d7-359f-9634-611d0f1bef3d&sourceElementId=9e813b81-da01-3300-8d02-c881f85ccadc","borderNode":true,"modifiers":[],"state":"Normal","collapsingState":"EXPANDED","insideLabel":null,"outsideLabels":[{"id":"c0f800fe-06aa-3dac-8f6d-f34e22844973","text":"flight_time","outsideLabelLocation":"BOTTOM_MIDDLE","style":{"color":"#000000","fontSize":12,"bold":false,"italic":false,"underline":false,"strikeThrough":false,"iconURL":[],"background":"transparent","borderColor":"black","borderSize":0,"borderRadius":3,"borderStyle":"Solid","maxWidth":null},"overflowStrategy":"NONE","textAlign":"LEFT"}],"style":{"background":"#ffffff","borderColor":"#000000","borderSize":1,"borderRadius":0,"borderStyle":"Solid"},"childrenLayoutStrategy":null,"borderNodes":[],"childNodes":[],"defaultWidth":10,"defaultHeight":10,"labelEditable":true,"pinned":false}],"childNodes":[{"id":"ecc4bac3-ee80-3b29-a9b6-02473e8ec588","type":"node:rectangle","targetObjectId":"32b1c360-5c15-4e33-9b43-a332c4bc394e","targetObjectKind":"siriusComponents://semantic?domain=sysml&entity=PartUsage","targetObjectLabel":"drone_hardware","descriptionId":"siriusComponents://nodeDescription?sourceKind=view&sourceId=74c5d045-51d7-359f-9634-611d0f1bef3d&sourceElementId=700133eb-7806-3dce-98d2-9ec37d212aaa","borderNode":false,"modifiers":[],"state":"Normal","collapsingState":"EXPANDED","insideLabel":{"id":"e9cc5c2f-aa58-300e-8844-cd6d203acfa9","text":"«part»\ndrone_hardware : AutonomousDrone","insideLabelLocation":"TOP_CENTER","style":{"color":"#000000","fontSize":14,"bold":false,"italic":false,"underline":false,"strikeThrough":false,"iconURL":["/icons/full/obj16/PartUsage.svg"],"background":"transparent","borderColor":"black","borderSize":0,"borderRadius":3,"borderStyle":"Solid","maxWidth":null},"isHeader":true,"headerSeparatorDisplayMode":"IF_CHILDREN","overflowStrategy":"NONE","textAlign":"CENTER"},"outsideLabels":[],"style":{"background":"#ffffff","borderColor":"#000000","borderSize":1,"borderRadius":10,"borderStyle":"Solid"},"childrenLayoutStrategy":{"areChildNodesDraggable":false,"topGap":0,"bottomGap":0,"growableNodeIds":["siriusComponents://nodeDescription?sourceKind=view&sourceId=74c5d045-51d7-359f-9634-611d0f1bef3d&sourceElementId=a77b4c6c-526d-3fe4-822b-de505f743123"],"kind":"List"},"borderNodes":[{"id":"152050cb-9485-3e9d-b0d5-03c3343f8ab7","type":"node:rectangle","targetObjectId":"689d8d91-1d55-4563-9206-16299124512b","targetObjectKind":"siriusComponents://semantic?domain=sysml&entity=PortUsage","targetObjectLabel":"flight_time","descriptionId":"siriusComponents://nodeDescription?sourceKind=view&sourceId=74c5d045-51d7-359f-9634-611d0f1bef3d&sourceElementId=de70405c-a973-3bca-88a6-c6829548952d","borderNode":true,"modifiers":[],"state":"Normal","collapsingState":"EXPANDED","insideLabel":null,"outsideLabels":[{"id":"825e5e7c-dcc0-328b-906e-3fa3fc88c1f5","text":"flight_time : ScalarValues::Integer","outsideLabelLocation":"BOTTOM_MIDDLE","style":{"color":"#000000","fontSize":12,"bold":false,"italic":false,"underline":false,"strikeThrough":false,"iconURL":[],"background":"transparent","borderColor":"black","borderSize":0,"borderRadius":3,"borderStyle":"Solid","maxWidth":null},"overflowStrategy":"NONE","textAlign":"LEFT"}],"style":{"background":"#ffffff","borderColor":"#000000","borderSize":1,"borderRadius":0,"borderStyle":"Solid"},"childrenLayoutStrategy":null,"borderNodes":[],"childNodes":[],"defaultWidth":10,"defaultHeight":10,"labelEditable":true,"pinned":false},{"id":"d2c2d692-d01b-3cd8-91ef-d78b0bdc2dfc","type":"node:rectangle","targetObjectId":"f2034389-8205-4d3e-ae6f-9636a84a8047","targetObjectKind":"siriusComponents://semantic?domain=sysml&entity=PortUsage","targetObjectLabel":"battery_capacity","descriptionId":"siriusComponents://nodeDescription?sourceKind=view&sourceId=74c5d045-51d7-359f-9634-611d0f1bef3d&sourceElementId=de70405c-a973-3bca-88a6-c6829548952d","borderNode":true,"modifiers":[],"state":"Normal","collapsingState":"EXPANDED","insideLabel":null,"outsideLabels":[{"id":"f0b321ff-da7c-3bb9-81bb-ea840bd02b23","text":"battery_capacity : ScalarValues::Integer","outsideLabelLocation":"BOTTOM_MIDDLE","style":{"color":"#000000","fontSize":12,"bold":false,"italic":false,"underline":false,"strikeThrough":false,"iconURL":[],"background":"transparent","borderColor":"black","borderSize":0,"borderRadius":3,"borderStyle":"Solid","maxWidth":null},"overflowStrategy":"NONE","textAlign":"LEFT"}],"style":{"background":"#ffffff","borderColor":"#000000","borderSize":1,"borderRadius":0,"borderStyle":"Solid"},"childrenLayoutStrategy":null,"borderNodes":[],"childNodes":[],"defaultWidth":10,"defaultHeight":10,"labelEditable":true,"pinned":false},{"id":"8d47d954-b59d-3a95-ad57-e4cf9726d409","type":"node:rectangle","targetObjectId":"8e0fbcf1-b5ee-4f66-b857-f1de7bffca77","targetObjectKind":"siriusComponents://semantic?domain=sysml&entity=PortUsage","targetObjectLabel":"power_consumption","descriptionId":"siriusComponents://nodeDescription?sourceKind=view&sourceId=74c5d045-51d7-359f-9634-611d0f1bef3d&sourceElementId=de70405c-a973-3bca-88a6-c6829548952d","borderNode":true,"modifiers":[],"state":"Normal","collapsingState":"EXPANDED","insideLabel":null,"outsideLabels":[{"id":"2111f584-94dc-3cb0-b23f-47f3b05ce1ae","text":"power_consumption : ScalarValues::Integer","outsideLabelLocation":"BOTTOM_MIDDLE","style":{"color":"#000000","fontSize":12,"bold":false,"italic":false,"underline":false,"strikeThrough":false,"iconURL":[],"background":"transparent","borderColor":"black","borderSize":0,"borderRadius":3,"borderStyle":"Solid","maxWidth":null},"overflowStrategy":"NONE","textAlign":"LEFT"}],"style":{"background":"#ffffff","borderColor":"#000000","borderSize":1,"borderRadius":0,"borderStyle":"Solid"},"childrenLayoutStrategy":null,"borderNodes":[],"childNodes":[],"defaultWidth":10,"defaultHeight":10,"labelEditable":true,"pinned":false}],"childNodes":[{"id":"33222eaf-66ac-3b10-a209-6e8205ead79e","type":"node:rectangle","targetObjectId":"32b1c360-5c15-4e33-9b43-a332c4bc394e","targetObjectKind":"siriusComponents://semantic?domain=sysml&entity=PartUsage","targetObjectLabel":"drone_hardware","descriptionId":"siriusComponents://nodeDescription?sourceKind=view&sourceId=74c5d045-51d7-359f-9634-611d0f1bef3d&sourceElementId=9f871f18-dbda-3798-8e28-094acfae6a2d","borderNode":false,"modifiers":["Hidden"],"state":"Hidden","collapsingState":"EXPANDED","insideLabel":{"id":"1834fadd-9ecf-31ea-bc07-4d3e35333dcb","text":"doc","insideLabelLocation":"TOP_CENTER","style":{"color":"#000000","fontSize":12,"bold":false,"italic":true,"underline":false,"strikeThrough":false,"iconURL":[],"background":"transparent","borderColor":"black","borderSize":0,"borderRadius":3,"borderStyle":"Solid","maxWidth":null},"isHeader":true,"headerSeparatorDisplayMode":"NEVER","overflowStrategy":"NONE","textAlign":"CENTER"},"outsideLabels":[],"style":{"background":"transparent","borderColor":"#000000","borderSize":1,"borderRadius":0,"borderStyle":"Solid"},"childrenLayoutStrategy":{"areChildNodesDraggable":true,"topGap":0,"bottomGap":10,"growableNodeIds":[],"kind":"List"},"borderNodes":[],"childNodes":[],"defaultWidth":125,"defaultHeight":60,"labelEditable":false,"pinned":false},{"id":"cc2303cd-d753-36cb-b89b-989167c4c5d0","type":"node:rectangle","targetObjectId":"32b1c360-5c15-4e33-9b43-a332c4bc394e","targetObjectKind":"siriusComponents://semantic?domain=sysml&entity=PartUsage","targetObjectLabel":"drone_hardware","descriptionId":"siriusComponents://nodeDescription?sourceKind=view&sourceId=74c5d045-51d7-359f-9634-611d0f1bef3d&sourceElementId=85d2283f-c727-34f0-ba1b-695e544d15a7","borderNode":false,"modifiers":["Hidden"],"state":"Hidden","collapsingState":"EXPANDED","insideLabel":{"id":"d12cd7bf-cc99-3cc9-977b-1d1641a0142c","text":"attributes","insideLabelLocation":"TOP_CENTER","style":{"color":"#000000","fontSize":12,"bold":false,"italic":true,"underline":false,"strikeThrough":false,"iconURL":[],"background":"transparent","borderColor":"black","borderSize":0,"borderRadius":3,"borderStyle":"Solid","maxWidth":null},"isHeader":true,"headerSeparatorDisplayMode":"NEVER","overflowStrategy":"NONE","textAlign":"CENTER"},"outsideLabels":[],"style":{"background":"transparent","borderColor":"#000000","borderSize":1,"borderRadius":0,"borderStyle":"Solid"},"childrenLayoutStrategy":{"areChildNodesDraggable":true,"topGap":0,"bottomGap":10,"growableNodeIds":[],"kind":"List"},"borderNodes":[],"childNodes":[{"id":"716d8221-0750-31c9-82da-a693ff95f43d","type":"node:icon-label","targetObjectId":"41ef0617-ed9a-4b70-ae9c-b75750cdcb34","targetObjectKind":"siriusComponents://semantic?domain=sysml&entity=AttributeUsage","targetObjectLabel":"material","descriptionId":"siriusComponents://nodeDescription?sourceKind=view&sourceId=74c5d045-51d7-359f-9634-611d0f1bef3d&sourceElementId=476c2177-8dca-3dfc-a55d-d5ab09e6eaf2","borderNode":false,"modifiers":[],"state":"Hidden","collapsingState":"EXPANDED","insideLabel":{"id":"5479afc3-8828-35b5-9766-2e8cad4d7a23","text":"^material","insideLabelLocation":"TOP_LEFT","style":{"color":"#000000","fontSize":14,"bold":false,"italic":true,"underline":false,"strikeThrough":false,"iconURL":["/icons/full/obj16/AttributeUsage.svg"],"background":"transparent","borderColor":"black","borderSize":0,"borderRadius":3,"borderStyle":"Solid","maxWidth":null},"isHeader":false,"headerSeparatorDisplayMode":"NEVER","overflowStrategy":"WRAP","textAlign":"LEFT"},"outsideLabels":[],"style":{"background":"transparent"},"childrenLayoutStrategy":null,"borderNodes":[],"childNodes":[],"defaultWidth":125,"defaultHeight":15,"labelEditable":false,"pinned":false},{"id":"0eac9bed-e185-3510-9d8b-06ba9778439d","type":"node:icon-label","targetObjectId":"64746476-4c3b-4762-98e8-43a4cb9e5f80","targetObjectKind":"siriusComponents://semantic?domain=sysml&entity=AttributeUsage","targetObjectLabel":"speed","descriptionId":"siriusComponents://nodeDescription?sourceKind=view&sourceId=74c5d045-51d7-359f-9634-611d0f1bef3d&sourceElementId=476c2177-8dca-3dfc-a55d-d5ab09e6eaf2","borderNode":false,"modifiers":[],"state":"Hidden","collapsingState":"EXPANDED","insideLabel":{"id":"6d21d7a8-e662-35de-99fe-404459208b5d","text":"^speed : ScalarValues::ScalarValue","insideLabelLocation":"TOP_LEFT","style":{"color":"#000000","fontSize":14,"bold":false,"italic":true,"underline":false,"strikeThrough":false,"iconURL":["/icons/full/obj16/AttributeUsage.svg"],"background":"transparent","borderColor":"black","borderSize":0,"borderRadius":3,"borderStyle":"Solid","maxWidth":null},"isHeader":false,"headerSeparatorDisplayMode":"NEVER","overflowStrategy":"WRAP","textAlign":"LEFT"},"outsideLabels":[],"style":{"background":"transparent"},"childrenLayoutStrategy":null,"borderNodes":[],"childNodes":[],"defaultWidth":125,"defaultHeight":15,"labelEditable":false,"pinned":false},{"id":"43e04389-8dc7-394e-aa21-dd05d07f94c9","type":"node:icon-label","targetObjectId":"410d6469-e869-4dec-8d8b-39533a196742","targetObjectKind":"siriusComponents://semantic?domain=sysml&entity=AttributeUsage","targetObjectLabel":"mass","descriptionId":"siriusComponents://nodeDescription?sourceKind=view&sourceId=74c5d045-51d7-359f-9634-611d0f1bef3d&sourceElementId=476c2177-8dca-3dfc-a55d-d5ab09e6eaf2","borderNode":false,"modifiers":[],"state":"Hidden","collapsingState":"EXPANDED","insideLabel":{"id":"99d0ee9b-7294-3ada-aa7b-6dec8b2e9713","text":"^mass : ISQBase::MassValue","insideLabelLocation":"TOP_LEFT","style":{"color":"#000000","fontSize":14,"bold":false,"italic":true,"underline":false,"strikeThrough":false,"iconURL":["/icons/full/obj16/AttributeUsage.svg"],"background":"transparent","borderColor":"black","borderSize":0,"borderRadius":3,"borderStyle":"Solid","maxWidth":null},"isHeader":false,"headerSeparatorDisplayMode":"NEVER","overflowStrategy":"WRAP","textAlign":"LEFT"},"outsideLabels":[],"style":{"background":"transparent"},"childrenLayoutStrategy":null,"borderNodes":[],"childNodes":[],"defaultWidth":125,"defaultHeight":15,"labelEditable":false,"pinned":false}],"defaultWidth":125,"defaultHeight":60,"labelEditable":false,"pinned":false},{"id":"68ff2c8b-3c86-31e7-ba5d-6deb5c2d2662","type":"node:rectangle","targetObjectId":"32b1c360-5c15-4e33-9b43-a332c4bc394e","targetObjectKind":"siriusComponents://semantic?domain=sysml&entity=PartUsage","targetObjectLabel":"drone_hardware","descriptionId":"siriusComponents://nodeDescription?sourceKind=view&sourceId=74c5d045-51d7-359f-9634-611d0f1bef3d&sourceElementId=a77b4c6c-526d-3fe4-822b-de505f743123","borderNode":false,"modifiers":["Hidden"],"state":"Hidden","collapsingState":"EXPANDED","insideLabel":{"id":"3948f2cd-a6b9-3ab8-968f-67ddc5c06c94","text":"parts","insideLabelLocation":"TOP_CENTER","style":{"color":"#000000","fontSize":12,"bold":false,"italic":true,"underline":false,"strikeThrough":false,"iconURL":[],"background":"transparent","borderColor":"black","borderSize":0,"borderRadius":3,"borderStyle":"Solid","maxWidth":null},"isHeader":true,"headerSeparatorDisplayMode":"NEVER","overflowStrategy":"NONE","textAlign":"CENTER"},"outsideLabels":[],"style":{"background":"transparent","borderColor":"#000000","borderSize":1,"borderRadius":0,"borderStyle":"Solid"},"childrenLayoutStrategy":{"kind":"FreeForm"},"borderNodes":[],"childNodes":[],"defaultWidth":125,"defaultHeight":150,"labelEditable":false,"pinned":false}],"defaultWidth":150,"defaultHeight":60,"labelEditable":true,"pinned":false},{"id":"9c718deb-088d-310e-b040-38542ffd1777","type":"node:rectangle","targetObjectId":"3e09d918-4950-4960-951d-886fe440d72c","targetObjectKind":"siriusComponents://semantic?domain=sysml&entity=PartUsage","targetObjectLabel":"cal_for_flight_time","descriptionId":"siriusComponents://nodeDescription?sourceKind=view&sourceId=74c5d045-51d7-359f-9634-611d0f1bef3d&sourceElementId=700133eb-7806-3dce-98d2-9ec37d212aaa","borderNode":false,"modifiers":[],"state":"Normal","collapsingState":"EXPANDED","insideLabel":{"id":"d4a873d0-77eb-3c63-b0d3-9873d9319745","text":"«part»\ncal_for_flight_time : ComputeFlightTime","insideLabelLocation":"TOP_CENTER","style":{"color":"#000000","fontSize":14,"bold":false,"italic":false,"underline":false,"strikeThrough":false,"iconURL":["/icons/full/obj16/PartUsage.svg"],"background":"transparent","borderColor":"black","borderSize":0,"borderRadius":3,"borderStyle":"Solid","maxWidth":null},"isHeader":true,"headerSeparatorDisplayMode":"IF_CHILDREN","overflowStrategy":"NONE","textAlign":"CENTER"},"outsideLabels":[],"style":{"background":"#ffffff","borderColor":"#000000","borderSize":1,"borderRadius":10,"borderStyle":"Solid"},"childrenLayoutStrategy":{"areChildNodesDraggable":false,"topGap":0,"bottomGap":0,"growableNodeIds":["siriusComponents://nodeDescription?sourceKind=view&sourceId=74c5d045-51d7-359f-9634-611d0f1bef3d&sourceElementId=a77b4c6c-526d-3fe4-822b-de505f743123"],"kind":"List"},"borderNodes":[{"id":"a6e300b6-64b0-3836-8238-b114501d5ab8","type":"node:rectangle","targetObjectId":"d4c352cc-9db1-4a6b-86b1-3db94b0dc6dd","targetObjectKind":"siriusComponents://semantic?domain=sysml&entity=PortUsage","targetObjectLabel":"flight_time","descriptionId":"siriusComponents://nodeDescription?sourceKind=view&sourceId=74c5d045-51d7-359f-9634-611d0f1bef3d&sourceElementId=de70405c-a973-3bca-88a6-c6829548952d","borderNode":true,"modifiers":[],"state":"Normal","collapsingState":"EXPANDED","insideLabel":null,"outsideLabels":[{"id":"38c3bba2-b80d-3e7d-ac69-28f17f266448","text":"flight_time","outsideLabelLocation":"BOTTOM_MIDDLE","style":{"color":"#000000","fontSize":12,"bold":false,"italic":false,"underline":false,"strikeThrough":false,"iconURL":[],"background":"transparent","borderColor":"black","borderSize":0,"borderRadius":3,"borderStyle":"Solid","maxWidth":null},"overflowStrategy":"NONE","textAlign":"LEFT"}],"style":{"background":"#ffffff","borderColor":"#000000","borderSize":1,"borderRadius":0,"borderStyle":"Solid"},"childrenLayoutStrategy":null,"borderNodes":[],"childNodes":[],"defaultWidth":10,"defaultHeight":10,"labelEditable":true,"pinned":false},{"id":"9c7f119a-0eb8-318d-8699-d38fe3fe0118","type":"node:rectangle","targetObjectId":"fd95e957-2f08-4172-af64-4ccf9fb7e2de","targetObjectKind":"siriusComponents://semantic?domain=sysml&entity=PortUsage","targetObjectLabel":"p_c","descriptionId":"siriusComponents://nodeDescription?sourceKind=view&sourceId=74c5d045-51d7-359f-9634-611d0f1bef3d&sourceElementId=de70405c-a973-3bca-88a6-c6829548952d","borderNode":true,"modifiers":[],"state":"Normal","collapsingState":"EXPANDED","insideLabel":null,"outsideLabels":[{"id":"b5e0f1c2-a891-36bc-9031-51693963571f","text":"p_c","outsideLabelLocation":"BOTTOM_MIDDLE","style":{"color":"#000000","fontSize":12,"bold":false,"italic":false,"underline":false,"strikeThrough":false,"iconURL":[],"background":"transparent","borderColor":"black","borderSize":0,"borderRadius":3,"borderStyle":"Solid","maxWidth":null},"overflowStrategy":"NONE","textAlign":"LEFT"}],"style":{"background":"#ffffff","borderColor":"#000000","borderSize":1,"borderRadius":0,"borderStyle":"Solid"},"childrenLayoutStrategy":null,"borderNodes":[],"childNodes":[],"defaultWidth":10,"defaultHeight":10,"labelEditable":true,"pinned":false},{"id":"b46a1c1a-d3b5-3372-b9e2-70c15405ecec","type":"node:rectangle","targetObjectId":"ec226259-0f02-4669-8916-4d9c3caa728a","targetObjectKind":"siriusComponents://semantic?domain=sysml&entity=PortUsage","targetObjectLabel":"b_c","descriptionId":"siriusComponents://nodeDescription?sourceKind=view&sourceId=74c5d045-51d7-359f-9634-611d0f1bef3d&sourceElementId=de70405c-a973-3bca-88a6-c6829548952d","borderNode":true,"modifiers":[],"state":"Normal","collapsingState":"EXPANDED","insideLabel":null,"outsideLabels":[{"id":"68c4c79f-b046-301f-8cd5-33644dabb4f3","text":"b_c","outsideLabelLocation":"BOTTOM_MIDDLE","style":{"color":"#000000","fontSize":12,"bold":false,"italic":false,"underline":false,"strikeThrough":false,"iconURL":[],"background":"transparent","borderColor":"black","borderSize":0,"borderRadius":3,"borderStyle":"Solid","maxWidth":null},"overflowStrategy":"NONE","textAlign":"LEFT"}],"style":{"background":"#ffffff","borderColor":"#000000","borderSize":1,"borderRadius":0,"borderStyle":"Solid"},"childrenLayoutStrategy":null,"borderNodes":[],"childNodes":[],"defaultWidth":10,"defaultHeight":10,"labelEditable":true,"pinned":false}],"childNodes":[{"id":"1f94d33c-7da0-3c3c-b569-3042939b5be4","type":"node:rectangle","targetObjectId":"3e09d918-4950-4960-951d-886fe440d72c","targetObjectKind":"siriusComponents://semantic?domain=sysml&entity=PartUsage","targetObjectLabel":"cal_for_flight_time","descriptionId":"siriusComponents://nodeDescription?sourceKind=view&sourceId=74c5d045-51d7-359f-9634-611d0f1bef3d&sourceElementId=9f871f18-dbda-3798-8e28-094acfae6a2d","borderNode":false,"modifiers":["Hidden"],"state":"Hidden","collapsingState":"EXPANDED","insideLabel":{"id":"8f1f040c-607a-37e7-9f15-362e151b8705","text":"doc","insideLabelLocation":"TOP_CENTER","style":{"color":"#000000","fontSize":12,"bold":false,"italic":true,"underline":false,"strikeThrough":false,"iconURL":[],"background":"transparent","borderColor":"black","borderSize":0,"borderRadius":3,"borderStyle":"Solid","maxWidth":null},"isHeader":true,"headerSeparatorDisplayMode":"NEVER","overflowStrategy":"NONE","textAlign":"CENTER"},"outsideLabels":[],"style":{"background":"transparent","borderColor":"#000000","borderSize":1,"borderRadius":0,"borderStyle":"Solid"},"childrenLayoutStrategy":{"areChildNodesDraggable":true,"topGap":0,"bottomGap":10,"growableNodeIds":[],"kind":"List"},"borderNodes":[],"childNodes":[],"defaultWidth":125,"defaultHeight":60,"labelEditable":false,"pinned":false},{"id":"caa28b0e-d896-3701-adbd-b1a9da2fae10","type":"node:rectangle","targetObjectId":"3e09d918-4950-4960-951d-886fe440d72c","targetObjectKind":"siriusComponents://semantic?domain=sysml&entity=PartUsage","targetObjectLabel":"cal_for_flight_time","descriptionId":"siriusComponents://nodeDescription?sourceKind=view&sourceId=74c5d045-51d7-359f-9634-611d0f1bef3d&sourceElementId=85d2283f-c727-34f0-ba1b-695e544d15a7","borderNode":false,"modifiers":["Hidden"],"state":"Hidden","collapsingState":"EXPANDED","insideLabel":{"id":"d7ec8789-9336-31f5-bdfe-fe67c57bd021","text":"attributes","insideLabelLocation":"TOP_CENTER","style":{"color":"#000000","fontSize":12,"bold":false,"italic":true,"underline":false,"strikeThrough":false,"iconURL":[],"background":"transparent","borderColor":"black","borderSize":0,"borderRadius":3,"borderStyle":"Solid","maxWidth":null},"isHeader":true,"headerSeparatorDisplayMode":"NEVER","overflowStrategy":"NONE","textAlign":"CENTER"},"outsideLabels":[],"style":{"background":"transparent","borderColor":"#000000","borderSize":1,"borderRadius":0,"borderStyle":"Solid"},"childrenLayoutStrategy":{"areChildNodesDraggable":true,"topGap":0,"bottomGap":10,"growableNodeIds":[],"kind":"List"},"borderNodes":[],"childNodes":[],"defaultWidth":125,"defaultHeight":60,"labelEditable":false,"pinned":false},{"id":"e611c86d-ca0e-34c6-8428-f98eeb6811b7","type":"node:rectangle","targetObjectId":"3e09d918-4950-4960-951d-886fe440d72c","targetObjectKind":"siriusComponents://semantic?domain=sysml&entity=PartUsage","targetObjectLabel":"cal_for_flight_time","descriptionId":"siriusComponents://nodeDescription?sourceKind=view&sourceId=74c5d045-51d7-359f-9634-611d0f1bef3d&sourceElementId=a77b4c6c-526d-3fe4-822b-de505f743123","borderNode":false,"modifiers":["Hidden"],"state":"Hidden","collapsingState":"EXPANDED","insideLabel":{"id":"3361c759-9460-30cf-87b1-4539b82b130f","text":"parts","insideLabelLocation":"TOP_CENTER","style":{"color":"#000000","fontSize":12,"bold":false,"italic":true,"underline":false,"strikeThrough":false,"iconURL":[],"background":"transparent","borderColor":"black","borderSize":0,"borderRadius":3,"borderStyle":"Solid","maxWidth":null},"isHeader":true,"headerSeparatorDisplayMode":"NEVER","overflowStrategy":"NONE","textAlign":"CENTER"},"outsideLabels":[],"style":{"background":"transparent","borderColor":"#000000","borderSize":1,"borderRadius":0,"borderStyle":"Solid"},"childrenLayoutStrategy":{"kind":"FreeForm"},"borderNodes":[],"childNodes":[],"defaultWidth":125,"defaultHeight":150,"labelEditable":false,"pinned":false}],"defaultWidth":150,"defaultHeight":60,"labelEditable":true,"pinned":false}],"defaultWidth":700,"defaultHeight":400,"labelEditable":true,"pinned":false}],"edges":[{"id":"61008ef5-9c0e-32fb-b207-db4135f2b52b","type":"edge:straight","targetObjectId":"3b117e5b-316c-40a0-8a36-16f7839609b3","targetObjectKind":"siriusComponents://semantic?domain=sysml&entity=BindingConnectorAsUsage","targetObjectLabel":"","descriptionId":"siriusComponents://edgeDescription?sourceKind=view&sourceId=74c5d045-51d7-359f-9634-611d0f1bef3d&sourceElementId=3d1c5a31-5567-3e8a-8cd5-011bc74140f3","beginLabel":null,"centerLabel":{"id":"788f0381-07e7-30a5-900e-6c8a3b04ad29","type":"label:edge-center","text":"=","style":{"color":"#000000","fontSize":14,"bold":false,"italic":false,"underline":false,"strikeThrough":false,"iconURL":[],"background":"transparent","borderColor":"black","borderSize":0,"borderRadius":3,"borderStyle":"Solid","maxWidth":null}},"endLabel":null,"sourceId":"502b6e94-00f8-34d5-b943-cd1a602988f4","targetId":"152050cb-9485-3e9d-b0d5-03c3343f8ab7","modifiers":[],"state":"Normal","style":{"size":1,"lineStyle":"Solid","sourceArrow":"None","targetArrow":"None","color":"#000000"},"centerLabelEditable":false},{"id":"6b644471-deb0-3deb-ad4d-3393c6f029a5","type":"edge:straight","targetObjectId":"967ca2f2-ce85-4afd-820c-027c3286cbfc","targetObjectKind":"siriusComponents://semantic?domain=sysml&entity=BindingConnectorAsUsage","targetObjectLabel":"","descriptionId":"siriusComponents://edgeDescription?sourceKind=view&sourceId=74c5d045-51d7-359f-9634-611d0f1bef3d&sourceElementId=3d1c5a31-5567-3e8a-8cd5-011bc74140f3","beginLabel":null,"centerLabel":{"id":"a4054b6b-e98d-3e52-92a3-4951b5b578a7","type":"label:edge-center","text":"=","style":{"color":"#000000","fontSize":14,"bold":false,"italic":false,"underline":false,"strikeThrough":false,"iconURL":[],"background":"transparent","borderColor":"black","borderSize":0,"borderRadius":3,"borderStyle":"Solid","maxWidth":null}},"endLabel":null,"sourceId":"a6e300b6-64b0-3836-8238-b114501d5ab8","targetId":"152050cb-9485-3e9d-b0d5-03c3343f8ab7","modifiers":[],"state":"Normal","style":{"size":1,"lineStyle":"Solid","sourceArrow":"None","targetArrow":"None","color":"#000000"},"centerLabelEditable":false},{"id":"a709d32a-171b-36ae-9066-baf1a961be7c","type":"edge:straight","targetObjectId":"dda4d5b0-130e-4316-8ed7-15fef9830337","targetObjectKind":"siriusComponents://semantic?domain=sysml&entity=BindingConnectorAsUsage","targetObjectLabel":"","descriptionId":"siriusComponents://edgeDescription?sourceKind=view&sourceId=74c5d045-51d7-359f-9634-611d0f1bef3d&sourceElementId=3d1c5a31-5567-3e8a-8cd5-011bc74140f3","beginLabel":null,"centerLabel":{"id":"6e7e4833-5e39-3d5e-9c35-e2ba4857f8fc","type":"label:edge-center","text":"=","style":{"color":"#000000","fontSize":14,"bold":false,"italic":false,"underline":false,"strikeThrough":false,"iconURL":[],"background":"transparent","borderColor":"black","borderSize":0,"borderRadius":3,"borderStyle":"Solid","maxWidth":null}},"endLabel":null,"sourceId":"b46a1c1a-d3b5-3372-b9e2-70c15405ecec","targetId":"d2c2d692-d01b-3cd8-91ef-d78b0bdc2dfc","modifiers":[],"state":"Normal","style":{"size":1,"lineStyle":"Solid","sourceArrow":"None","targetArrow":"None","color":"#000000"},"centerLabelEditable":false},{"id":"fc4d44a7-2d72-301f-a340-44bdbc17c7f6","type":"edge:straight","targetObjectId":"50881ac6-c327-4ead-9c15-a895970a2f5b","targetObjectKind":"siriusComponents://semantic?domain=sysml&entity=BindingConnectorAsUsage","targetObjectLabel":"","descriptionId":"siriusComponents://edgeDescription?sourceKind=view&sourceId=74c5d045-51d7-359f-9634-611d0f1bef3d&sourceElementId=3d1c5a31-5567-3e8a-8cd5-011bc74140f3","beginLabel":null,"centerLabel":{"id":"70de72fb-5522-3ee7-aba5-d3f0ba188289","type":"label:edge-center","text":"=","style":{"color":"#000000","fontSize":14,"bold":false,"italic":false,"underline":false,"strikeThrough":false,"iconURL":[],"background":"transparent","borderColor":"black","borderSize":0,"borderRadius":3,"borderStyle":"Solid","maxWidth":null}},"endLabel":null,"sourceId":"9c7f119a-0eb8-318d-8699-d38fe3fe0118","targetId":"8d47d954-b59d-3a95-ad57-e4cf9726d409","modifiers":[],"state":"Normal","style":{"size":1,"lineStyle":"Solid","sourceArrow":"None","targetArrow":"None","color":"#000000"},"centerLabelEditable":false}],"layoutData":{"nodeLayoutData":{"9c7f119a-0eb8-318d-8699-d38fe3fe0118":{"id":"9c7f119a-0eb8-318d-8699-d38fe3fe0118","position":{"x":-11.0,"y":234.6666666666666},"size":{"width":16.0,"height":16.0},"resizedByUser":false},"ecc4bac3-ee80-3b29-a9b6-02473e8ec588":{"id":"ecc4bac3-ee80-3b29-a9b6-02473e8ec588","position":{"x":17.338525441329125,"y":93.26064382139148},"size":{"width":314.00000350585935,"height":286.0},"resizedByUser":true},"8d47d954-b59d-3a95-ad57-e4cf9726d409":{"id":"8d47d954-b59d-3a95-ad57-e4cf9726d409","position":{"x":309.00000350585935,"y":234.6666666666666},"size":{"width":16.0,"height":16.0},"resizedByUser":false},"502b6e94-00f8-34d5-b943-cd1a602988f4":{"id":"502b6e94-00f8-34d5-b943-cd1a602988f4","position":{"x":44.0,"y":-11.0},"size":{"width":16.0,"height":16.0},"resizedByUser":false},"caa28b0e-d896-3701-adbd-b1a9da2fae10":{"id":"caa28b0e-d896-3701-adbd-b1a9da2fae10","position":{"x":0.0,"y":0.0},"size":{"width":311.0,"height":60.0},"resizedByUser":false},"43e04389-8dc7-394e-aa21-dd05d07f94c9":{"id":"43e04389-8dc7-394e-aa21-dd05d07f94c9","position":{"x":0.0,"y":0.0},"size":{"width":308.0,"height":15.0},"resizedByUser":false},"68ff2c8b-3c86-31e7-ba5d-6deb5c2d2662":{"id":"68ff2c8b-3c86-31e7-ba5d-6deb5c2d2662","position":{"x":0.0,"y":0.0},"size":{"width":308.0,"height":150.0},"resizedByUser":false},"716d8221-0750-31c9-82da-a693ff95f43d":{"id":"716d8221-0750-31c9-82da-a693ff95f43d","position":{"x":0.0,"y":0.0},"size":{"width":308.0,"height":15.0},"resizedByUser":false},"d2c2d692-d01b-3cd8-91ef-d78b0bdc2dfc":{"id":"d2c2d692-d01b-3cd8-91ef-d78b0bdc2dfc","position":{"x":309.00000350585935,"y":150.0},"size":{"width":16.0,"height":16.0},"resizedByUser":false},"f2a5e2d7-e1a9-374e-a0a1-4ed6e2b133db":{"id":"f2a5e2d7-e1a9-374e-a0a1-4ed6e2b133db","position":{"x":0.0,"y":0.0},"size":{"width":989.0,"height":413.0},"resizedByUser":true},"e611c86d-ca0e-34c6-8428-f98eeb6811b7":{"id":"e611c86d-ca0e-34c6-8428-f98eeb6811b7","position":{"x":0.0,"y":0.0},"size":{"width":311.0,"height":150.0},"resizedByUser":false},"a6e300b6-64b0-3836-8238-b114501d5ab8":{"id":"a6e300b6-64b0-3836-8238-b114501d5ab8","position":{"x":-11.0,"y":44.0},"size":{"width":16.0,"height":16.0},"resizedByUser":false},"33222eaf-66ac-3b10-a209-6e8205ead79e":{"id":"33222eaf-66ac-3b10-a209-6e8205ead79e","position":{"x":0.0,"y":0.0},"size":{"width":308.0,"height":60.0},"resizedByUser":false},"cc2303cd-d753-36cb-b89b-989167c4c5d0":{"id":"cc2303cd-d753-36cb-b89b-989167c4c5d0","position":{"x":0.0,"y":0.0},"size":{"width":308.0,"height":60.0},"resizedByUser":false},"152050cb-9485-3e9d-b0d5-03c3343f8ab7":{"id":"152050cb-9485-3e9d-b0d5-03c3343f8ab7","position":{"x":309.00000350585935,"y":44.0},"size":{"width":16.0,"height":16.0},"resizedByUser":false},"9c718deb-088d-310e-b040-38542ffd1777":{"id":"9c718deb-088d-310e-b040-38542ffd1777","position":{"x":622.5508662210015,"y":93.26064382139148},"size":{"width":313.8046875,"height":285.0},"resizedByUser":true},"0eac9bed-e185-3510-9d8b-06ba9778439d":{"id":"0eac9bed-e185-3510-9d8b-06ba9778439d","position":{"x":0.0,"y":0.0},"size":{"width":308.0,"height":15.0},"resizedByUser":false},"1f94d33c-7da0-3c3c-b569-3042939b5be4":{"id":"1f94d33c-7da0-3c3c-b569-3042939b5be4","position":{"x":0.0,"y":0.0},"size":{"width":311.0,"height":60.0},"resizedByUser":false},"b46a1c1a-d3b5-3372-b9e2-70c15405ecec":{"id":"b46a1c1a-d3b5-3372-b9e2-70c15405ecec","position":{"x":-11.0,"y":150.0},"size":{"width":16.0,"height":16.0},"resizedByUser":false}},"edgeLayoutData":{},"labelLayoutData":{}}}}